Extracted_Text
"TUTORIALS POINT  
Simply Easy Learning   
 
 SQL SORTING Results  
The SQL ORDER BY  clause is used to sort the data in ascending or descen ding order, based on one or 
more columns. Some databases sort query results in ascending order by default.  
Syntax:  
The basic syntax of ORDER BY clause which would be used to sort result in ascending or descending order is as 
follows: 
SELECT column -list  
FROM table_name  
[WHERE condition ]  
[ORDER BY column1, column2, .. columnN] [ASC | DESC]; 
You can use more than one column in the ORDER BY clause. M ake sure whatever column you are using to sort, 
that column should be in column -list. 
Example:  
Consider the CUSTOMERS table having the following records: 
+----+---------- +-----+----------- +---------- + 
| ID | NAME     | AGE | ADDRESS   | SALARY   | 
+----+---------- +-----+----------- +---------- + 
|  1 | Ramesh   |  32 | Ahmedabad  |  2000.00 | 
|  2 | Khilan   |  25 | Delhi     |  1500.00 | 
|  3 | kaushik  |  23 | Kota      |  2000.00 | 
|  4 | Chaitali  |  25 | Mumbai    |  6500.00 | 
|  5 | Hardik   |  27 | Bhopal    |  8500.00 | 
|  6 | Komal    |  22 | MP        |  4500.00 | 
|  7 | Muffy    |  24 | Indore    | 10000.00  | 
+----+---------- +-----+----------- +---------- + 
Following is an example , which would sort the result in ascending order by NAME and SALARY:  
SQL> SELECT * FROM CUSTOMERS  
     ORDER BY NAME , SALARY; 
This would produce the following result:  CHAPTER  
24 TUTORIALS POINT  
Simply Easy Learning   
 
 +----+---------- +-----+----------- +---------- + 
| ID | NAME     | AGE | ADDRESS   | SALARY   | 
+----+---------- +-----+----------- +---------- + 
|  4 | Chaitali  |  25 | Mumbai    |  6500.00 | 
|  5 | Hardik   |  27 | Bhopal    |  8500.00 | 
|  3 | kaushik  |  23 | Kota      |  2000.00 | 
|  2 | Khilan   |  25 | Delhi     |  1500.00 | 
|  6 | Komal    |  22 | MP        |  4500.00 | 
|  7 | Muffy    |  24 | Indore    | 10000.00  | 
|  1 | Ramesh   |  32 | Ahmedabad  |  2000.00 | 
+----+---------- +-----+----------- +---------- + 
Following is an example , which would sort the result in descending order by NAME:  
SQL> SELECT * FROM CUSTOMERS  
     ORDER BY NAME DESC ; 
This would produce the following result:  
+----+---------- +-----+----------- +---------- + 
| ID | NAME     | AGE | ADDRESS   | SALARY   | 
+----+---------- +-----+----------- +---------- + 
|  1 | Ramesh   |  32 | Ahmedabad  |  2000.00 | 
|  7 | Muffy    |  24 | Indore    | 10000.00  | 
|  6 | Komal    |  22 | MP        |  4500.00 | 
|  2 | Khilan   |  25 | Delhi     |  1500.00 | 
|  3 | kaushik  |  23 | Kota      |  2000.00 | 
|  5 | Hardik   |  27 | Bhopal    |  8500.00 | 
|  4 | Chaitali  |  25 | Mumbai    |  6500.00 | 
+----+---------- +-----+----------- +---------- + 
To fetch the rows with own preferred order, the SELECT query would be as follows:  
SQL> SELECT * FROM CUSTOMERS  
    ORDER BY (CASE ADDRESS  
    WHEN 'DELHI'   THEN 1 
    WHEN 'BHOPAL'    THEN 2 
    WHEN 'KOTA'   THEN 3 
    WHEN 'AHMADABAD'  THEN 4 
    WHEN 'MP'  THEN 5 
    ELSE 100 END) ASC, ADDRESS DESC ; 
This would produce the following result:  
+----+---------- +-----+----------- +---------- + 
| ID | NAME     | AGE | ADDRESS   | SALARY   | 
+----+---------- +-----+----------- +---------- + 
|  2 | Khilan   |  25 | Delhi     |  1500.00 | 
|  5 | Hardik   |  27 | Bhopal    |  8500.00 | 
|  3 | kaushik  |  23 | Kota      |  2000.00 | 
|  6 | Komal    |  22 | MP        |  4500.00 | 
|  4 | Chaitali  |  25 | Mumbai    |  6500.00 | 
|  7 | Muffy    |  24 | Indore    | 10000.00  | 
|  1 | Ramesh   |  32 | Ahmedabad  |  2000.00 | 
+----+---------- +-----+----------- +---------- + 
This will sort customers by ADDRESS in your ownoOrder of prefere nce first and in a natural order for the 
remaining addresses. Also remaining Addresses will be sorted i n the reverse alpha order.   TUTORIALS POINT  
Simply Easy Learning   
 
 SQL Constraints  
Constraints  are the rules enforced on data columns on table. These are  used to limit the type of data that 
can go into a table. This ensures the accuracy and reliability of the da ta in the database.  
Contraints could be column level or table level. Column leve l constraints are applied only to one column where as 
table level constraints are applied to the whole table.  
Following are commonly used constraints available in S QL. These constraints have already been discussed 
in SQL - RDBMS Concepts  chapter but its worth to revise them at this point. 
  
Following are commonly used constraints available in SQL:  
 NOT NULL Constraint : Ensures that a column cannot have NULL value.  
 DEFAULT Constraint : Provides a default value for a column when none is specified.  
 UNIQUE Constraint : Ensures that all values in a column are different.  
 PRIMARY Key : Uniquely identified each rows/records in a database table.  
 FOREIGN Key : Uniquely identified a row /record in any other database table.  
 CHECK Constraint : The CHECK constraint ensures that all values in a column satisfy certain conditions.  
 INDEX: Use to create and retrieve data from the database very quickly.  
NOT NULL Constraint:  
By default, a column can hold NULL values. If you do not wan t a column to have a NULL value , then you need to 
define such constraint on this column specifying that NULL is  now not allowed for that column.  
A NULL is not the same as no data, rather, it represents unknown data.  
Example:  
For example, the following SQL creates a new table called  CUSTOMERS and adds five columns, three of which, 
ID and NAME and AGE, specify not to accept NULLs:  
CREATE TABLE CUSTOMERS(  
       ID   INT              NOT NULL,  
       NAME VARCHAR (20)     NOT NULL,  
       AGE  INT              NOT NULL,  CHAPTER  
25 TUTORIALS POINT  
Simply Easy Learning   
 
        ADDRESS  CHAR (25) ,  
       SALARY   DECIMAL (18, 2),        
       PRIMARY KEY (ID)  
); 
If CUSTOMERS table has already been created, then to add a NOT NU LL constraint to SALARY column in Oracle 
and MySQL, you would write a statement similar to the f ollowing: 
ALTER TABLE CUSTOMERS  
   MODIFY SALARY  DECIMAL (18, 2) NOT NULL;  
DEFAULT Constraint :  
The DEFAULT constraint provides a default value to a column when the INSER T INTO statement does not provide 
a specific value.  
Example:  
For example, the following SQL creates a new table called CUSTOMERS and adds five columns. Here , SALARY 
column is set to 5000.00 by default, so in case INSERT INT O statement does not provide a value for this column , 
then by default this column would be set to 5000.00.  
CREATE TABLE CUSTOMERS(  
       ID   INT              NOT NULL,  
       NAME VARCHAR (20)     NOT NULL,  
       AGE  INT              NOT NULL,  
       ADDRESS  CHAR (25) ,  
       SALARY   DECIMAL (18, 2) DEFAULT 5000.00,        
       PRIMARY KEY (ID)  
); 
If CUSTOMERS table has already been created, then to add a DFAULT constra int to SALARY column, you would 
write a statement similar to the following:  
ALTER TABLE CUSTOMERS  
   MODIFY SALARY  DECIMAL (18, 2) DEFAULT 5000.00;  
Drop Default Constraint:  
To drop a DE FAULT constraint, use the following SQL:  
ALTER TABLE CUSTOMERS  
   ALTER COLUMN SALARY DROP DEFAULT;  TUTORIALS POINT  
Simply Easy Learning   
 
 UNIQUE Constraint:  
The UNIQUE Constraint prevents two records from having identical v alues in a particular column. In the 
CUSTOMERS table, for example, you  might want to prevent two or more people from having identical ag e. 
Example:  
For example, the following SQL creates a new table called CUSTOMERS and adds five columns. Here , AGE 
column is set to UNIQUE, so that you can not have two records with same  age: 
CREATE TABLE CUSTOMERS(  
       ID   INT              NOT NULL,  
       NAME VARCHAR (20)     NOT NULL,  
       AGE  INT              NOT NULL UNIQUE,  
       ADDRESS  CHAR (25) ,  
       SALARY   DECIMAL (18, 2),        
       PRIMARY KEY (ID)  
); 
If CUSTOMERS table has already been created, then to add a UNIQUE constraint to AGE col umn, you would write 
a statement similar to the following:  
ALTER TABLE CUSTOMERS  
   MODIFY AGE INT NOT NULL UNIQUE;  
You can also use the following syntax, which supports naming the c onstraint in multiple columns as well:  
ALTER TABLE CUSTOMERS  
   ADD CONSTRAINT myUniqueConstraint UNIQUE(AGE, SALARY);  
DROP a UNIQUE Constraint:  
To drop a UNIQUE constraint, use the following SQL:  
ALTER TABLE CUSTOMERS  
   DROP CONSTRAINT myUniqueConstraint;  
If you are using MySQL , then you can use the following syntax:  
ALTER TABLE CUSTOMERS  
   DROP INDEX myUniqueConstraint;  TUTORIALS POINT  
Simply Easy Learning   
 
 PRIMARY Key:  
A primary key is a field in a table which uniquely identi fies each row/record in a database table. Primary keys must 
contain unique values. A primary key column cannot have NULL val ues. 
A table can have only one primary key , which may consist of single or multiple fields. When multiple f ields are used 
as a primary key, they are cal led a composite key . 
If a table has a primary key defined on any field(s) , then you can not have two records having the same value o f 
that field(s).  
Note: You would use these concepts while creating database tables.  
Create Primary Key:  
Here is the syntax to define ID attribute as a primary key in a CUSTOMERS table.  
CREATE TABLE CUSTOMERS(  
       ID   INT              NOT NULL,  
       NAME VARCHAR (20)     NOT NULL,  
       AGE  INT              NOT NULL,  
       ADDRESS  CHAR (25) ,  
       SALARY   DECIMAL ( 18, 2),        
       PRIMARY KEY (ID)  
); 
To create a PRIMARY KEY constraint on the ""ID"" column when CUSTOMERS table already exists, use the 
following SQL syntax:  
ALTER TABLE CUSTOMER ADD PRIMARY KEY (ID);  
NOTE: If you use the ALTER TABLE statement to add a primary key, the primary key column(s) must already have 
been declared to not contain NULL values (when the table was firs t created).  
For defining a PRIMARY KEY constraint on multiple columns, use the fol lowing SQL syntax:  
CREATE TABLE CUSTOMERS(  
       ID   INT              NOT NULL,  
       NAME VARCHAR (20)     NOT NULL,  
       AGE  INT              NOT NULL,  
       ADDRESS  CHAR (25) ,  
       SALARY   DECIMAL (18, 2),         
       PRIMARY KEY (ID, NAME)  
); TUTORIALS POINT  
Simply Easy Learning   
 
 To create a PRIMARY KEY constraint on the ""I D"" and ""NAMES"" columns when CUSTOMERS table already exists, 
use the following SQL syntax:  
ALTER TABLE CUSTOMERS  
   ADD CONSTRAINT PK_CUSTID PRIMARY KEY (ID, NAME);  
Delete Primary Key:  
You can clear the primary key constraints from the table, Use Syntax : 
ALTER TABLE CUSTOMERS DROP PRIMARY KEY ;  
FOREIGN Key:  
A foreign key is a key used to link two tables together. This is s ometimes called a referencing key.  
Primary key field from one table and insert it into the other table where  it becomes a foreign key i .e., Foreign Key is 
a column or a combination of columns , whose values match a Primary Key in a different table.  
The relationship between 2 tables matches the Primary Key in one of the tables  with a Foreign Key in the 
second table.  
If a table has a primary key defined on any field(s) , then you can not have two records having the same value o f 
that field(s).  
Example:  
Consider the structure of the two tables as follows:  
CUSTOMERS table:  
CREATE TABLE CUSTOMERS(  
       ID   INT              NOT NULL,  
       NAME VARCHAR (20)     NOT NULL,  
       AGE  INT              NOT NULL,  
       ADDRESS  CHAR (25) ,  
       SALARY   DECIMAL (18, 2),        
       PRIMARY KEY (ID)  
); 
ORDERS table:  
CREATE TABLE ORDERS (  
       ID          INT        NOT NULL,  
       DATE        DATETIME,  
       CUSTOMER_ID INT references CUSTOMERS(ID),  TUTORIALS POINT  
Simply Easy Learning   
 
        AMOUNT     double,  
       PRIMARY KEY (ID)  
); 
If ORDERS table has already been created, and the foreign key h as not yet been, use the syntax for specifying a 
foreign key by altering a table.  
ALTER TABLE ORDERS  
   ADD FOREIGN KEY (Customer_ID) REFERENCES CUSTOMERS (ID);  
DROP a FOREIGN KEY Constraint:  
To drop a FOREIGN KEY constraint, use the following SQL:  
ALTER TABLE ORDERS  
   DROP FOREIGN KEY;  
CHECK Constraint:  
The CHECK Constraint enables a condition to check the value being  entered into a record. If the condition 
evaluates to false, the record violates the constraint and isn ’t entered into the table.  
Example:  
For example, the following SQL creates a new table called CUSTOMERS and adds five columns. Here , we add a 
CHECK with AGE column, so that you can not have any CUSTOMER below 18 yea rs: 
CREATE TABLE CUSTOMERS(  
       ID   INT              NOT NULL,  
       NAME VARCHAR (20)     NOT NULL,  
       AGE  INT              NOT NULL CHECK (AGE >= 18),  
       ADDRESS  CHAR (25) ,  
       SALARY   DECIMAL (18, 2),        
       PRIMARY KEY (ID)  
); 
If CUSTOMERS table has already been created, then to add a CHECK c onstraint to AGE column, you would write 
a statement similar  to the following:  
ALTER TABLE CUSTOMERS  
   MODIFY AGE INT NOT NULL CHECK (AGE >= 18 );  
You can also use following syntax, which supports naming the  constraint and multiple columns as well:  
ALTER TABLE CUSTOMERS  TUTORIALS POINT  
Simply Easy Learning   
 
    ADD CONSTRAINT myCheckConstraint CHECK(AG E >= 18);  
DROP a CHECK Constraint:  
To drop a CHECK constraint, use the following SQL. This syntax does no t work with MySQL:  
ALTER TABLE CUSTOMERS  
   DROP CONSTRAINT myCheckConstraint;  
INDEX:  
The INDEX is used to create and retrieve data from the database very quickly. Index can be created by using 
single or group of columns in a table. When index is crea ted, it is assigned a ROWID for each row  before it sort s 
out the data.  
Proper indexes are good for performance in large databases , but you need to be careful while creating index. 
Selection of fields depends on what you are using in your SQL que ries. 
Example:  
For example, the following SQL creates a new table called CUSTOMERS and a dds five columns:  
CREATE TABLE CUSTOMERS(  
       ID   INT              NOT NULL,  
       NAME VARCHAR (20)     NOT NULL,  
       AGE  INT              NOT NULL,  
       ADDRESS  CHAR (25) ,  
       SALARY   DECIMAL (18, 2),        
       PRIMARY KEY (ID)  
); 
Now, you can create index on single or multiple columns using the  followwng syntax:  
CREATE INDEX index_name  
    ON table_name ( column1, column2.....);  
To create an INDEX on AGE column, to optimize the search on customer s for a particular age, following is the SQL 
syntax: 
CREATE INDEX idx_age  
    ON CUSTOMERS ( AGE );  
DROP a n INDEX Constraint:  
To drop a n INDEX constraint, use the following SQL:  TUTORIALS POINT  
Simply Easy Learning   
 
 ALTER TABLE CUSTOMERS  
   DROP INDEX idx_age;  
Constraints can be specified when a table is created with t he CREATE TABLE statement or you can use ALTER 
TABLE statment to create constraints even after the table is created.  
Dropping Constraints:  
Any constraint that you have defined can be dropped using the ALTER TABLE command with the DROP 
CONSTRAINT option.  
For example,  to drop the primary key constraint in the EMPLOYEES table, you can use th e following command:  
ALTER TABLE EMPLOYEES DROP CONSTRAINT EMPLOYEES_PK ; 
Some implementations may provide shortcuts for dropping certa in constraints. For example, to drop the primary  
key constraint for a table in Oracle, you can use the following comman d: 
ALTER TABLE EMPLOYEES DROP PRIMARY KEY ; 
Some implementations allow you to disable constraints. Inste ad of permanently dropping a constraint from the 
database, you may want to tempora rily disable the constraint, and then enable it later.  
Integrity Constraints:  
Integrity constraints are used to ensure accuracy and cons istency of data in a relational database. Data integrity is 
handled in a relational database through the concept of refe rential integrity.  
There are many types of integrity constraints that play a role  in referential integrity (RI). These constraints include 
Primary Key, Foreign Key, Unique Constraints and other constraints mention ed above.   TUTORIALS POINT  
Simply Easy Learning   
 
 SQL Joins  
The SQL Joins clause is used to combine records from two or more tables in  a database. A JOIN is a 
means for combining fields from two tables by using values com mon to each.  
Consider the following two tables , (a) CUSTOMERS table is as follows:  
+----+---------- +-----+----------- +---------- + 
| ID | NAME     | AGE | ADDRESS   | SALARY   | 
+----+---------- +-----+----------- +---------- + 
|  1 | Ramesh   |  32 | Ahmedabad  |  2000.00 | 
|  2 | Khilan   |  25 | Delhi     |  1500.00 | 
|  3 | kaushik  |  23 | Kota      |  2000.00 | 
|  4 | Chaitali  |  25 | Mumbai    |  6500.00 | 
|  5 | Hardik   |  27 | Bhopal    |  8500.00 | 
|  6 | Komal    |  22 | MP        |  4500.00 | 
|  7 | Muffy    |  24 | Indore    | 10000.00  | 
+----+---------- +-----+----------- +---------- + 
(b) Another table is ORDERS as follows:  
+-----+--------------------- +------------- +-------- + 
|OID  | DATE                | CUSTOMER_ID | AMOUNT | 
+-----+--------------------- +------------- +-------- + 
| 102 | 2009-10-08 00:00:00 |           3 |   3000 | 
| 100 | 2009-10-08 00:00:00 |           3 |   1500 | 
| 101 | 2009-11-20 00:00:00 |           2 |   1560 | 
| 103 | 2008-05-20 00:00:00 |           4 |   2060 | 
+-----+--------------------- +------------- +-------- + 
Now, let us join these two tables in our SELECT statement as follows:  
SQL> SELECT ID , NAME, AGE, AMOUNT 
        FROM CUSTOMERS , ORDERS 
        WHERE  CUSTOMERS .ID = ORDERS.CUSTOMER_ID ; 
This would produce the following result:  
+----+---------- +-----+-------- + 
| ID | NAME     | AGE | AMOUNT | 
+----+---------- +-----+-------- + 
|  3 | kaushik  |  23 |   3000 | 
|  3 | kaushik  |  23 |   1500 | 
|  2 | Khilan   |  25 |   1560 | CHAPTER  
26 TUTORIALS POINT  
Simply Easy Learning   
 
 |  4 | Chaitali  |  25 |   2060 | 
+----+---------- +-----+-------- + 
Here, it is noticeable that the join is performed in the WHERE clause. Several operators can be used to join tables, 
such as =, <, >, <>, <=, >=, !=, BETWEEN, LIKE, and NOT; they can all be  used to join tables. However, the  most 
common operator is the equal symbol.  
SQL Join Types:  
There are different type s of joins available in SQL:  
 INNER JOIN:  returns rows when there is a match in both tables.  
 LEFT JOIN:  returns all rows from the left table, even if there are no matches in  the right table.  
 RIGHT JOIN:  returns all rows from the right table, even if there are no matches in th e left table.  
 FULL JOIN:  returns rows when there is a match in one of the tables.  
 SELF JOIN:  is used to join a table to itself  as if the table were two t ables, temporarily renaming at least one 
table in the SQL statement.  
 CARTESIAN JOIN:  returns the Cartesian product of the sets of records from the two or more joined tables.  
INNER JOIN  
The most frequently used and important of the joins is the  INNER JOIN . They are also referred to as an 
EQUIJOIN.  
The INNER JOIN creates a new result table by combining column values of two tables (table1 and table2) based 
upon the join -predicate. The query compares each row of table1 with each row of table2 to fin d all pairs of rows 
which satisfy the join -predicate. When the join -predicate is satisfied, column values for each matched pa ir of rows 
of A and B are combined into a result row.  
Syntax:  
The basic syntax of  INNER JOIN  is as follows:  
SELECT table1 .column1, table2.column2... 
FROM table1  
INNER JOIN table2  
ON table1 .common_filed = table2.common_field ; 
Example:  
Consider the following two tables, (a) CUSTOMERS table is as follows:  
+----+---------- +-----+----------- +---------- + 
| ID | NAME     | AGE | ADDRESS   | SALARY   | 
+----+---------- +-----+----------- +---------- + 
|  1 | Ramesh   |  32 | Ahmedabad  |  2000.00 | 
|  2 | Khilan   |  25 | Delhi     |  1500.00 | 
|  3 | kaushik  |  23 | Kota      |  2000.00 | 
|  4 | Chaitali  |  25 | Mumbai    |  6500.00 | 
|  5 | Hardik   |  27 | Bhopal    |  8500.00 | 
|  6 | Komal    |  22 | MP        |  4500.00 | 
|  7 | Muffy    |  24 | Indore    | 10000.00  | 
+----+---------- +-----+----------- +---------- + 
(b) Another table is ORDERS as follows:  
+-----+--------------------- +------------- +-------- + TUTORIALS POINT  
Simply Easy Learning   
 
 | OID | DATE                |          ID | AMOUNT | 
+-----+--------------------- +------------- +-------- + 
| 102 | 2009-10-08 00:00:00 |           3 |   3000 | 
| 100 | 2009-10-08 00:00:00 |           3 |   1500 | 
| 101 | 2009-11-20 00:00:00 |           2 |   1560 | 
| 103 | 2008-05-20 00:00:00 |           4 |   2060 | 
+-----+--------------------- +------------- +-------- + 
Now, let us join these two tables using INNER JOIN as follows:  
SQL> SELECT  ID , NAME, AMOUNT, DATE 
     FROM CUSTOMERS  
     INNER JOIN ORDERS  
     ON CUSTOMERS .ID = ORDERS.CUSTOMER_ID ; 
This would produce the following result:  
+----+---------- +-------- +--------------------- + 
| ID | NAME     | AMOUNT | DATE                | 
+----+---------- +-------- +--------------------- + 
|  3 | kaushik  |   3000 | 2009-10-08 00:00:00 | 
|  3 | kaushik  |   1500 | 2009-10-08 00:00:00 | 
|  2 | Khilan   |   1560 | 2009-11-20 00:00:00 | 
|  4 | Chaitali  |   2060 | 2008-05-20 00:00:00 | 
+----+---------- +-------- +--------------------- + 
LEFT JOIN  
The SQL LEFT JOIN  returns all rows from the left table, even if there are no matches in th e right table. This means 
that if the ON clause matches 0 (zero) records in right table, the join will still return a row in the result,  but with 
NULL in each column from right table.  
This means that a left join returns all the values from th e left table, plus matched values from the right table or 
NULL in case of no matching join predicate.  
Syntax:  
The basic syntax of  LEFT JOIN  is as follows:  
SELECT table1 .column1, table2.column2... 
FROM table1  
LEFT JOIN table2  
ON table1 .common_filed = table2.common_field ; 
Here given condition could be any given expression based on y our requirement.  
Example:  
Consider the following two tables, (a) CUSTOMERS table is as follows:  
+----+---------- +-----+----------- +---------- + 
| ID | NAME     | AGE | ADDRESS   | SALARY   | 
+----+---------- +-----+----------- +---------- + 
|  1 | Ramesh   |  32 | Ahmedabad  |  2000.00 | 
|  2 | Khilan   |  25 | Delhi     |  1500.00 | 
|  3 | kaushik  |  23 | Kota      |  2000.00 | 
|  4 | Chaitali  |  25 | Mumbai    |  6500.00 | 
|  5 | Hardik   |  27 | Bhopal    |  8500.00 | TUTORIALS POINT  
Simply Easy Learning   
 
 |  6 | Komal    |  22 | MP        |  4500.00 | 
|  7 | Muffy    |  24 | Indore    | 10000.00  | 
+----+---------- +-----+----------- +---------- + 
(b) Another table is ORDERS as follows:  
+-----+--------------------- +------------- +-------- + 
| OID | DATE                | CUSTOMER_ID | AMOUNT | 
+-----+--------------------- +------------- +-------- + 
| 102 | 2009-10-08 00:00:00 |           3 |   3000 | 
| 100 | 2009-10-08 00:00:00 |           3 |   1500 | 
| 101 | 2009-11-20 00:00:00 |           2 |   1560 | 
| 103 | 2008-05-20 00:00:00 |           4 |   2060 | 
+-----+--------------------- +------------- +-------- + 
Now, let us join these two tables using LEFT JOIN as follows:  
SQL> SELECT  ID , NAME, AMOUNT, DATE 
     FROM CUSTOMERS  
     LEFT JOIN ORDERS  
     ON CUSTOMERS .ID = ORDERS.CUSTOMER_ID ; 
This would produce the following result:  
+----+---------- +-------- +--------------------- + 
| ID | NAME     | AMOUNT | DATE                | 
+----+---------- +-------- +--------------------- + 
|  1 | Ramesh   |   NULL | NULL                | 
|  2 | Khilan   |   1560 | 2009-11-20 00:00:00 | 
|  3 | kaushik  |   3000 | 2009-10-08 00:00:00 | 
|  3 | kaushik  |   1500 | 2009-10-08 00:00:00 | 
|  4 | Chaitali  |   2060 | 2008-05-20 00:00:00 | 
|  5 | Hardik   |   NULL | NULL                | 
|  6 | Komal    |   NULL | NULL                | 
|  7 | Muffy    |   NULL | NULL                | 
+----+---------- +-------- +--------------------- + 
RIGHT JOIN  
The SQL RIGHT JOIN  returns all rows from the right table, even if there are no matc hes in the left table. This 
means that if  the ON clause matches 0 (zero) records in left table, the joi n will still return a row in the result , but 
with NULL in each column from left table.  
This means that a right join returns all the values fro m the right table, plus matched values from the left table or 
NULL in case of no matching join predicate.  
Syntax:  
The basic syntax of  RIGHT JOIN  is as follows:  
SELECT table1 .column1, table2.column2... 
FROM table1  
RIGHT JOIN table2  
ON table1 .common_filed = table2.common_field ; 
Example:  
Consider the following two tables, (a) CUSTOMERS table is as follows:  TUTORIALS POINT  
Simply Easy Learning   
 
 +----+---------- +-----+----------- +---------- + 
| ID | NAME     | AGE | ADDRESS   | SALARY   | 
+----+---------- +-----+----------- +---------- + 
|  1 | Ramesh   |  32 | Ahmedabad  |  2000.00 | 
|  2 | Khilan   |  25 | Delhi     |  1500.00 | 
|  3 | kaushik  |  23 | Kota      |  2000.00 | 
|  4 | Chaitali  |  25 | Mumbai    |  6500.00 | 
|  5 | Hardik   |  27 | Bhopal    |  8500.00 | 
|  6 | Komal    |  22 | MP        |  4500.00 | 
|  7 | Muffy    |  24 | Indore    | 10000.00  | 
+----+---------- +-----+----------- +---------- + 
(b) Another table is ORDERS as follows:  
+-----+--------------------- +------------- +-------- + 
|OID  | DATE                | CUSTOMER_ID | AMOUNT | 
+-----+--------------------- +------------- +-------- + 
| 102 | 2009-10-08 00:00:00 |           3 |   3000 | 
| 100 | 2009-10-08 00:00:00 |           3 |   1500 | 
| 101 | 2009-11-20 00:00:00 |           2 |   1560 | 
| 103 | 2008-05-20 00:00:00 |           4 |   2060 | 
+-----+--------------------- +------------- +-------- + 
Now, let us join these two tables using RIGHT JOIN as follows:  
SQL> SELECT  ID , NAME, AMOUNT, DATE 
     FROM CUSTOMERS  
     RIGHT JOIN ORDERS  
     ON CUSTOMERS .ID = ORDERS.CUSTOMER_ID ; 
This would produce the following result:  
+------+---------- +-------- +--------------------- + 
| ID   | NAME     | AMOUNT | DATE                | 
+------+---------- +-------- +--------------------- + 
|    3 | kaushik  |   3000 | 2009-10-08 00:00:00 | 
|    3 | kaushik  |   1500 | 2009-10-08 00:00:00 | 
|    2 | Khilan   |   1560 | 2009-11-20 00:00:00 | 
|    4 | Chaitali  |   2060 | 2008-05-20 00:00:00 | 
+------+---------- +-------- +--------------------- + 
FULL JOIN  
The SQL FULL JOIN  combines the results of both left and right outer joins.  
The joined table will contain all records from both tables, an d fill in NULLs for missing matches on either side.  
Syntax:  
The basic syntax of  FULL JOIN  is as follows:  
SELECT table1 .column1, table2.column2... 
FROM table1  
FULL JOIN table2  
ON table1 .common_filed = table2.common_field ; 
Here given condition could be any given expression based on y our requirement.  TUTORIALS POINT  
Simply Easy Learning   
 
 Example:  
Consider the following two tables, (a) CUSTOMERS table is as follows:  
+----+---------- +-----+----------- +---------- + 
| ID | NAME     | AGE | ADDRESS   | SALARY   | 
+----+---------- +-----+----------- +---------- + 
|  1 | Ramesh   |  32 | Ahmedabad  |  2000.00 | 
|  2 | Khilan   |  25 | Delhi     |  1500.00 | 
|  3 | kaushik  |  23 | Kota      |  2000.00 | 
|  4 | Chaitali  |  25 | Mumbai    |  6500.00 | 
|  5 | Hardik   |  27 | Bhopal    |  8500.00 | 
|  6 | Komal    |  22 | MP        |  4500.00 | 
|  7 | Muffy    |  24 | Indore    | 10000.00  | 
+----+---------- +-----+----------- +---------- + 
(b) Another table is ORDERS as follows:  
+-----+--------------------- +------------- +-------- + 
|OID  | DATE                | CUSTOMER_ID | AMOUNT | 
+-----+--------------------- +------------- +-------- + 
| 102 | 2009-10-08 00:00:00 |           3 |   3000 | 
| 100 | 2009-10-08 00:00:00 |           3 |   1500 | 
| 101 | 2009-11-20 00:00:00 |           2 |   1560 | 
| 103 | 2008-05-20 00:00:00 |           4 |   2060 | 
+-----+--------------------- +------------- +-------- + 
Now, let us join these two tables using FULL JOIN as follows:  
SQL> SELECT  ID , NAME, AMOUNT, DATE 
     FROM CUSTOMERS  
     FULL JOIN ORDERS  
     ON CUSTOMERS .ID = ORDERS.CUSTOMER_ID ; 
This would produce the following result:  
+------+---------- +-------- +--------------------- + 
| ID   | NAME     | AMOUNT | DATE                | 
+------+---------- +-------- +--------------------- + 
|    1 | Ramesh   |   NULL | NULL                | 
|    2 | Khilan   |   1560 | 2009-11-20 00:00:00 | 
|    3 | kaushik  |   3000 | 2009-10-08 00:00:00 | 
|    3 | kaushik  |   1500 | 2009-10-08 00:00:00 | 
|    4 | Chaitali  |   2060 | 2008-05-20 00:00:00 | 
|    5 | Hardik   |   NULL | NULL                | 
|    6 | Komal    |   NULL | NULL                | 
|    7 | Muffy    |   NULL | NULL                | 
|    3 | kaushik  |   3000 | 2009-10-08 00:00:00 | 
|    3 | kaushik  |   1500 | 2009-10-08 00:00:00 | 
|    2 | Khilan   |   1560 | 2009-11-20 00:00:00 | 
|    4 | Chaitali  |   2060 | 2008-05-20 00:00:00 | 
+------+---------- +-------- +--------------------- + 
If your Database does not support FULL JOIN like MySQL does not support FULL JOIN, then you can use  UNION 
ALL clause to combine two JOINS as follows:  
SQL> SELECT  ID , NAME, AMOUNT, DATE 
     FROM CUSTOMERS  
     LEFT JOIN ORDERS  TUTORIALS POINT  
Simply Easy Learning   
 
      ON CUSTOMERS .ID = ORDERS.CUSTOMER_ID  
UNION ALL  
     SELECT  ID , NAME, AMOUNT, DATE 
     FROM CUSTOMERS  
     RIGHT JOIN ORDERS  
     ON CUSTOMERS .ID = ORDERS.CUSTOMER_ID  
SELF JOIN  
The SQL SELF JOIN  is used to join a table to itself  as if the table were two tables, temporarily renaming at least  
one table in the SQL statement.  
Syntax:  
The basic syntax of  SELF JOIN  is as follows:  
SELECT a .column_name , b.column_name ... 
FROM table1 a , table1 b  
WHERE a.common_filed = b.common_field ; 
Here, WHERE clause could be any given expression based on your requirem ent. 
Example:  
Consider the following two tables, (a) CUSTOMERS table is as follows:  
+----+---------- +-----+----------- +---------- + 
| ID | NAME     | AGE | ADDRESS   | SALARY   | 
+----+---------- +-----+----------- +---------- + 
|  1 | Ramesh   |  32 | Ahmedabad  |  2000.00 | 
|  2 | Khilan   |  25 | Delhi     |  1500.00 | 
|  3 | kaushik  |  23 | Kota      |  2000.00 | 
|  4 | Chaitali  |  25 | Mumbai    |  6500.00 | 
|  5 | Hardik   |  27 | Bhopal    |  8500.00 | 
|  6 | Komal    |  22 | MP        |  4500.00 | 
|  7 | Muffy    |  24 | Indore    | 10000.00  | 
+----+---------- +-----+----------- +---------- + 
Now, let us join this table using SELF JOIN as follows:  
SQL> SELECT  a .ID, b.NAME, a.SALARY 
     FROM CUSTOMERS a , CUSTOMERS b  
     WHERE a.SALARY < b.SALARY; 
This would produce the following result:  
+----+---------- +--------- + 
| ID | NAME     | SALARY  | 
+----+---------- +--------- + 
|  2 | Ramesh   | 1500.00 | 
|  2 | kaushik  | 1500.00 | 
|  1 | Chaitali  | 2000.00 | 
|  2 | Chaitali  | 1500.00 | 
|  3 | Chaitali  | 2000.00 | 
|  6 | Chaitali  | 4500.00 | 
|  1 | Hardik   | 2000.00 | 
|  2 | Hardik   | 1500.00 | 
|  3 | Hardik   | 2000.00 | 
|  4 | Hardik   | 6500.00 | TUTORIALS POINT  
Simply Easy Learning   
 
 |  6 | Hardik   | 4500.00 | 
|  1 | Komal    | 2000.00 | 
|  2 | Komal    | 1500.00 | 
|  3 | Komal    | 2000.00 | 
|  1 | Muffy    | 2000.00 | 
|  2 | Muffy    | 1500.00 | 
|  3 | Muffy    | 2000.00 | 
|  4 | Muffy    | 6500.00 | 
|  5 | Muffy    | 8500.00 | 
|  6 | Muffy    | 4500.00 | 
+----+---------- +--------- + 
CARTESIAN JOIN  
The CARTESIAN JOIN  or CROSS JOIN  returns the cartesian product of the sets of records from the two or more 
joined tables. Thus, it equates to an inner join where the j oin-condition always evaluates to True or where the join -
condition is absent from the statement.  
Syntax:  
The basic syntax of  INNER JOIN  is as follows:  
SELECT table1 .column1, table2.column2... 
FROM  table1 , table2 [, table3 ] 
Example:  
Consider the following two tables, (a) CUSTOMERS table is as follows:  
+----+---------- +-----+----------- +---------- + 
| ID | NAME     | AGE | ADDRESS   | SALARY   | 
+----+---------- +-----+----------- +---------- + 
|  1 | Ramesh   |  32 | Ahmedabad  |  2000.00 | 
|  2 | Khilan   |  25 | Delhi     |  1500.00 | 
|  3 | kaushik  |  23 | Kota      |  2000.00 | 
|  4 | Chaitali  |  25 | Mumbai    |  6500.00 | 
|  5 | Hardik   |  27 | Bhopal    |  8500.00 | 
|  6 | Komal    |  22 | MP        |  4500.00 | 
|  7 | Muffy    |  24 | Indore    | 10000.00  | 
+----+---------- +-----+----------- +---------- + 
(b) Another table is ORDERS as follows:  
+-----+--------------------- +------------- +-------- + 
|OID  | DATE                | CUSTOMER_ID | AMOUNT | 
+-----+--------------------- +------------- +-------- + 
| 102 | 2009-10-08 00:00:00 |           3 |   3000 | 
| 100 | 2009-10-08 00:00:00 |           3 |   1500 | 
| 101 | 2009-11-20 00:00:00 |           2 |   1560 | 
| 103 | 2008-05-20 00:00:00 |           4 |   2060 | 
+-----+--------------------- +------------- +-------- + 
Now, let us join these two tables using INNER JOIN as follows:  
SQL> SELECT  ID , NAME, AMOUNT, DATE 
     FROM CUSTOMERS , ORDERS; TUTORIALS POINT  
Simply Easy Learning   
 
 This would produce the following result:  
+----+---------- +-------- +--------------------- + 
| ID | NAME     | AMOUNT | DATE                | 
+----+---------- +-------- +--------------------- + 
|  1 | Ramesh   |   3000 | 2009-10-08 00:00:00 | 
|  1 | Ramesh   |   1500 | 2009-10-08 00:00:00 | 
|  1 | Ramesh   |   1560 | 2009-11-20 00:00:00 | 
|  1 | Ramesh   |   2060 | 2008-05-20 00:00:00 | 
|  2 | Khilan   |   3000 | 2009-10-08 00:00:00 | 
|  2 | Khilan   |   1500 | 2009-10-08 00:00:00 | 
|  2 | Khilan   |   1560 | 2009-11-20 00:00:00 | 
|  2 | Khilan   |   2060 | 2008-05-20 00:00:00 | 
|  3 | kaushik  |   3000 | 2009-10-08 00:00:00 | 
|  3 | kaushik  |   1500 | 2009-10-08 00:00:00 | 
|  3 | kaushik  |   1560 | 2009-11-20 00:00:00 | 
|  3 | kaushik  |   2060 | 2008-05-20 00:00:00 | 
|  4 | Chaitali  |   3000 | 2009-10-08 00:00:00 | 
|  4 | Chaitali  |   1500 | 2009-10-08 00:00:00 | 
|  4 | Chaitali  |   1560 | 2009-11-20 00:00:00 | 
|  4 | Chaitali  |   2060 | 2008-05-20 00:00:00 | 
|  5 | Hardik   |   3000 | 2009-10-08 00:00:00 | 
|  5 | Hardik   |   1500 | 2009-10-08 00:00:00 | 
|  5 | Hardik   |   1560 | 2009-11-20 00:00:00 | 
|  5 | Hardik   |   2060 | 2008-05-20 00:00:00 | 
|  6 | Komal    |   3000 | 2009-10-08 00:00:00 | 
|  6 | Komal    |   1500 | 2009-10-08 00:00:00 | 
|  6 | Komal    |   1560 | 2009-11-20 00:00:00 | 
|  6 | Komal    |   2060 | 2008-05-20 00:00:00 | 
|  7 | Muffy    |   3000 | 2009-10-08 00:00:00 | 
|  7 | Muffy    |   1500 | 2009-10-08 00:00:00 | 
|  7 | Muffy    |   1560 | 2009-11-20 00:00:00 | 
|  7 | Muffy    |   2060 | 2008-05-20 00:00:00 | 
+----+---------- +-------- +--------------------- + 
  TUTORIALS POINT  
Simply Easy Learning   
 
 SQL Unions Clause  
The SQL UNION clause/operator is used to combine the results of two or mo re SELECT statements 
without returning any duplicate rows.  
To use UNION, each SELECT must have the same number of columns selected, the same number of column 
expressions, the same data type,  and have them in the same order , but they do not have to be the same length.  
Syntax:  
The basic syntax of  UNION is as follows:  
SELECT column1 [, column2 ] 
FROM table1 [, table2 ] 
[WHERE condition ] 
 
UNION 
 
SELECT column1 [, column2 ] 
FROM table1 [, table2 ] 
[WHERE condition ] 
Here given condition could be any given expression based on y our requirement.  
Example:  
Consider the following two tables, (a) CUSTOMERS table is as follows:  
+----+---------- +-----+----------- +---------- + 
| ID | NAME     | AGE | ADDRESS   | SALARY   | 
+----+---------- +-----+----------- +---------- + 
|  1 | Ramesh   |  32 | Ahmedabad  |  2000.00 | 
|  2 | Khilan   |  25 | Delhi     |  1500.00 | 
|  3 | kaushik  |  23 | Kota      |  2000.00 | 
|  4 | Chaitali  |  25 | Mumbai    |  6500.00 | 
|  5 | Hardik   |  27 | Bhopal    |  8500.00 | 
|  6 | Komal    |  22 | MP        |  4500.00 | 
|  7 | Muffy    |  24 | Indore    | 10000.00  | 
+----+---------- +-----+----------- +---------- + 
(b) Another table is ORDERS as follows:  CHAPTER  
27 TUTORIALS POINT  
Simply Easy Learning   
 
 +-----+--------------------- +------------- +-------- + 
|OID  | DATE                | CUSTOMER_ID | AMOUNT | 
+-----+--------------------- +------------- +-------- + 
| 102 | 2009-10-08 00:00:00 |           3 |   3000 | 
| 100 | 2009-10-08 00:00:00 |           3 |   1500 | 
| 101 | 2009-11-20 00:00:00 |           2 |   1560 | 
| 103 | 2008-05-20 00:00:00 |           4 |   2060 | 
+-----+--------------------- +------------- +-------- + 
Now, let us join these two tables in our SELECT statement as follows:  
SQL> SELECT  ID , NAME, AMOUNT, DATE 
     FROM CUSTOMERS  
     LEFT JOIN ORDERS  
     ON CUSTOMERS .ID = ORDERS.CUSTOMER_ID  
UNION 
     SELECT  ID , NAME, AMOUNT, DATE 
     FROM CUSTOMERS  
     RIGHT JOIN ORDERS  
     ON CUSTOMERS .ID = ORDERS.CUSTOMER_ID ; 
This would produce the following result:  
+------+---------- +-------- +--------------------- + 
| ID   | NAME     | AMOUNT | DATE                | 
+------+---------- +-------- +--------------------- + 
|    1 | Ramesh   |   NULL | NULL                | 
|    2 | Khilan   |   1560 | 2009-11-20 00:00:00 | 
|    3 | kaushik  |   3000 | 2009-10-08 00:00:00 | 
|    3 | kaushik  |   1500 | 2009-10-08 00:00:00 | 
|    4 | Chaitali  |   2060 | 2008-05-20 00:00:00 | 
|    5 | Hardik   |   NULL | NULL                | 
|    6 | Komal    |   NULL | NULL                | 
|    7 | Muffy    |   NULL | NULL                | 
+------+---------- +-------- +--------------------- + 
The UNION ALL Clause:  
The UNION ALL operator is used to combine the results of two SELECT statements  including duplicate rows.  
The same rules that apply to UNION apply to the UNION ALL operator.  
Syntax:  
The basic syntax of  UNION ALL  is as follows:  
SELECT column1 [, column2 ] 
FROM table1 [, table2 ] 
[WHERE condition ] 
 
UNION ALL  
 
SELECT column1 [, column2 ] 
FROM table1 [, table2 ] 
[WHERE condition ] 
Here given condition could be any given expression based on y our requirement.  TUTORIALS POINT  
Simply Easy Learning   
 
 Example:  
Consider the following two tables, (a) CUSTOMERS table is as follows:  
+----+---------- +-----+----------- +---------- + 
| ID | NAME     | AGE | ADDRESS   | SALARY   | 
+----+---------- +-----+----------- +---------- + 
|  1 | Ramesh   |  32 | Ahmedabad  |  2000.00 | 
|  2 | Khilan   |  25 | Delhi     |  1500.00 | 
|  3 | kaushik  |  23 | Kota      |  2000.00 | 
|  4 | Chaitali  |  25 | Mumbai    |  6500.00 | 
|  5 | Hardik   |  27 | Bhopal    |  8500.00 | 
|  6 | Komal    |  22 | MP        |  4500.00 | 
|  7 | Muffy    |  24 | Indore    | 10000.00  | 
+----+---------- +-----+----------- +---------- + 
(b) Another table is ORDERS as follows:  
+-----+--------------------- +------------- +-------- + 
|OID  | DATE                | CUSTOMER_ID | AMOUNT | 
+-----+--------------------- +------------- +-------- + 
| 102 | 2009-10-08 00:00:00 |           3 |   3000 | 
| 100 | 2009-10-08 00:00:00 |           3 |   1500 | 
| 101 | 2009-11-20 00:00:00 |           2 |   1560 | 
| 103 | 2008-05-20 00:00:00 |           4 |   2060 | 
+-----+--------------------- +------------- +-------- + 
Now, let us join these two tables in our SELECT statement as follows:  
SQL> SELECT  ID , NAME, AMOUNT, DATE 
     FROM CUSTOMERS  
     LEFT JOIN ORDERS  
     ON CUSTOMERS .ID = ORDERS.CUSTOMER_ID  
UNION ALL  
     SELECT  ID , NAME, AMOUNT, DATE 
     FROM CUSTOMERS  
     RIGHT JOIN ORDERS  
     ON CUSTOMERS .ID = ORDERS.CUSTOMER_ID ; 
This would produce the following result:  
+------+---------- +-------- +--------------------- + 
| ID   | NAME     | AMOUNT | DATE                | 
+------+---------- +-------- +--------------------- + 
|    1 | Ramesh   |   NULL | NULL                | 
|    2 | Khilan   |   1560 | 2009-11-20 00:00:00 | 
|    3 | kaushik  |   3000 | 2009-10-08 00:00:00 | 
|    3 | kaushik  |   1500 | 2009-10-08 00:00:00 | 
|    4 | Chaitali  |   2060 | 2008-05-20 00:00:00 | 
|    5 | Hardik   |   NULL | NULL                | 
|    6 | Komal    |   NULL | NULL                | 
|    7 | Muffy    |   NULL | NULL                | 
|    3 | kaushik  |   3000 | 2009-10-08 00:00:00 | 
|    3 | kaushik  |   1500 | 2009-10-08 00:00:00 | 
|    2 | Khilan   |   1560 | 2009-11-20 00:00:00 | 
|    4 | Chaitali  |   2060 | 2008-05-20 00:00:00 | 
+------+---------- +-------- +--------------------- + 
There are two other clauses (i.e ., operators ), which are very similar to UNION clause:  TUTORIALS POINT  
Simply Easy Learning   
 
  SQL INTERSECT Clause : is used to combine two SELECT statements, but returns rows only  from the first 
SELECT statement that are identical to a row in the second SELECT statement.  
 SQL EXCEPT Clause  : combines two SELECT statements and returns rows from the first SELECT stateme nt 
that are not returned by the second SELECT statement. 
 
INTERSECT Clause  
The SQL INTERSECT  clause/operator is used to combine two SELECT statements, but  returns rows only from the 
first SELECT statement that are identical to a row in the second SELECT s tatement. This means INTERSECT 
returns only common rows returned by the two SELECT statements.  
Just as with the UNION operator, the same rules apply when usin g the INTERSECT operator. My SQL does not 
support INTERSECT operator  
Syntax:  
The basic syntax of  INTERSECT  is as follows:  
SELECT column1 [, column2 ] 
FROM table1 [, table2 ] 
[WHERE condition ] 
 
INTERSECT  
 
SELECT column1 [, column2 ] 
FROM table1 [, table2 ] 
[WHERE condition ] 
Here given condition could be any given expression based on your require ment. 
Example:  
Consider the following two tables, (a) CUSTOMERS table is as follows:  
+----+---------- +-----+----------- +---------- + 
| ID | NAME     | AGE | ADDRESS   | SALARY   | 
+----+---------- +-----+----------- +---------- + 
|  1 | Ramesh   |  32 | Ahmedabad  |  2000.00 | 
|  2 | Khilan   |  25 | Delhi     |  1500.00 | 
|  3 | kaushik  |  23 | Kota      |  2000.00 | 
|  4 | Chaitali  |  25 | Mumbai    |  6500.00 | 
|  5 | Hardik   |  27 | Bhopal    |  8500.00 | 
|  6 | Komal    |  22 | MP        |  4500.00 | 
|  7 | Muffy    |  24 | Indore    | 10000.00  | 
+----+---------- +-----+----------- +---------- + 
(b) Another table is ORDERS as follows:  
+-----+--------------------- +------------- +-------- + 
|OID  | DATE                | CUSTOMER_ID | AMOUNT | 
+-----+--------------------- +------------- +-------- + 
| 102 | 2009-10-08 00:00:00 |           3 |   3000 | 
| 100 | 2009-10-08 00:00:00 |           3 |   1500 | 
| 101 | 2009-11-20 00:00:00 |           2 |   1560 | 
| 103 | 2008-05-20 00:00:00 |           4 |   2060 | 
+-----+--------------------- +------------- +-------- + 
Now, let us join these two tables in our SELECT statement as follows:  TUTORIALS POINT  
Simply Easy Learning   
 
 SQL> SELECT  ID , NAME, AMOUNT, DATE 
     FROM CUSTOMERS  
     LEFT JOIN ORDERS  
     ON CUSTOMERS .ID = ORDERS.CUSTOMER_ID  
INTERSECT  
     SELECT  ID , NAME, AMOUNT, DATE 
     FROM CUSTOMERS  
     RIGHT JOIN ORDERS  
     ON CUSTOMERS .ID = ORDERS.CUSTOMER_ID ; 
This would produce the following result:  
+------+--------- +-------- +--------------------- + 
| ID   | NAME    | AMOUNT | DATE                | 
+------+--------- +-------- +--------------------- + 
|    3 | kaushik |   3000 | 2009-10-08 00:00:00 | 
|    3 | kaushik |   1500 | 2009-10-08 00:00:00 | 
|    2 | Ramesh  |   1560 | 2009-11-20 00:00:00 | 
|    4 | kaushik |   2060 | 2008-05-20 00:00:00 | 
+------+--------- +-------- +--------------------- + 
EXCEPT Clause  
The SQL EXCEPT clause/operator is used to combine two SELECT statements and  returns rows from the first 
SELECT statement that are not returned by the second SELECT statement. T his means EXCEPT returns only 
rows, which are not available in second SELECT statement.  
Just as with the UNION operator, the same rules apply when us ing the EXCEPT operator. MySQL does not 
support EXCEPT operator.  
Syntax:   
The basic syntax of  EXCEPT is as follows:  
SELECT column1 [, column2 ]  
FROM table1 [, table2 ]  
[WHERE condition]  
 
EXCEPT 
 
SELECT column1 [, column2 ]  
FROM table1 [, table2 ]  
[WHERE condition]  
Here given condition could be any given expression based on y our requirement.  
Example:  
Consider the following two tables, (a) CUSTOMERS table is as follows:  TUTORIALS POINT  
Simply Easy Learning   
 
 +----+---------- +-----+----------- +---------- + 
| ID | NAME     | AGE | ADDRESS   | SALARY   |  
+----+---------- +-----+----------- +---------- + 
|  1 | Ramesh   |  32 | Ahmedabad |  2000.00 |  
|  2 | Khilan   |  25 | Delhi     |  1500.00 |  
|  3 | kaushik  |  23 | Kota      |  2000.00 |  
|  4 | Chaitali |  25 | Mumbai    |  6500.00 |  
|  5 | Har dik   |  27 | Bhopal    |  8500.00 |  
|  6 | Komal    |  22 | MP        |  4500.00 |  
|  7 | Muffy    |  24 | Indore    | 10000.00 |  
+----+---------- +-----+----------- +---------- + 
(b) Another table is ORDERS as follows:  
+-----+--------------------- +--------- ----+-------- + 
|OID  | DATE                | CUSTOMER_ID | AMOUNT |  
+-----+--------------------- +------------- +-------- + 
| 102 | 2009 -10-08 00:00:00 |           3 |   3000 |  
| 100 | 2009 -10-08 00:00:00 |           3 |   1500 |  
| 101 | 2009 -11-20 00:00:00 |            2 |   1560 |  
| 103 | 2008 -05-20 00:00:00 |           4 |   2060 |  
+-----+--------------------- +------------- +-------- + 
Now, let us join these two tables in our SELECT statement as follows:  
SQL> SELECT  ID, NAME, AMOUNT, DATE  
     FROM CUSTOMERS  
     LEFT JOIN ORDERS  
     ON CUSTOMERS.ID = ORDERS.CUSTOMER_ID  
EXCEPT 
     SELECT  ID, NAME, AMOUNT, DATE  
     FROM CUSTOMERS  
     RIGHT JOIN ORDERS  
     ON CUSTOMERS.ID = ORDERS.CUSTOMER_ID;  
This would produce the following result:  TUTORIALS POINT  
Simply Easy Learning   
 
 +----+--------- +--------+--------------------- + 
| ID | NAME    | AMOUNT | DATE                |  
+----+--------- +-------- +--------------------- + 
|  1 | Ramesh  |   NULL | NULL                |  
|  5 | Hardik  |   NULL | NULL                |  
|  6 | Komal   |   NULL | NULL                | 
|  7 | Muffy   |   NULL | NULL                |  
+----+--------- +-------- +--------------------- + 
 
  TUTORIALS POINT  
Simply Easy Learning   
 
 SQL NULL Values  
The SQL NULL is the term used to represent a missing value. A NULL valu e in a table is a value in a field 
that appears to be blank.  
A field with a NULL value is a field with no value. It is v ery important to understand that a NULL value is different 
than a zero value or a field that contains spaces.  
Syntax:  
The basic syntax of  NULL while creating a table:  
SQL> CREATE TABLE CUSTOMERS ( 
   ID   INT              NOT NULL , 
   NAME VARCHAR (20)     NOT NULL , 
   AGE  INT              NOT NULL , 
   ADDRESS  CHAR (25) , 
   SALARY   DECIMAL (18, 2),        
   PRIMARY KEY (ID) 
); 
Here, NOT NULL  signifies that column should  always accept an explicit value of the given data type. T here are 
two column s where we did not use NOT NULL , which means these column s could be NULL.  
A field with a NULL value is one that has been left blank during record c reation. 
Example:  
The NULL value  can cause problems when selecting data, however, because  when comparing an unknown value 
to any other value, the result is always unknown and not included i n the final results.  
You must use the  IS NULL or IS NOT NULL  operators in order to check for a NULL  value. 
Consider the following table, CUSTOMERS having the following records:  
+----+---------- +-----+----------- +---------- + 
| ID | NAME     | AGE | ADDRESS   | SALARY   | 
+----+---------- +-----+----------- +---------- + 
|  1 | Ramesh   |  32 | Ahmedabad  |  2000.00 | 
|  2 | Khilan   |  25 | Delhi     |  1500.00 | 
|  3 | kaushik  |  23 | Kota      |  2000.00 | 
|  4 | Chaitali  |  25 | Mumbai    |  6500.00 | CHAPTER  
28 TUTORIALS POINT  
Simply Easy Learning   
 
 |  5 | Hardik   |  27 | Bhopal    |  8500.00 | 
|  6 | Komal    |  22 | MP        |          | 
|  7 | Muffy    |  24 | Indore    |          | 
+----+---------- +-----+----------- +---------- + 
Now, following is the usage of  IS NOT NULL  operator: 
SQL> SELECT  ID , NAME, AGE, ADDRESS, SALARY 
     FROM CUSTOMERS  
     WHERE SALARY IS NOT NULL ; 
This would produce the following result:  
+----+---------- +-----+----------- +---------- + 
| ID | NAME     | AGE | ADDRESS   | SALARY   | 
+----+---------- +-----+----------- +---------- + 
|  1 | Ramesh   |  32 | Ahmedabad  |  2000.00 | 
|  2 | Khilan   |  25 | Delhi     |  1500.00 | 
|  3 | kaushik  |  23 | Kota      |  2000.00 | 
|  4 | Chaitali  |  25 | Mumbai    |  6500.00 | 
|  5 | Hardik   |  27 | Bhopal    |  8500.00 | 
+----+---------- +-----+----------- +---------- + 
Now, following is the usage of  IS NULL operator: 
SQL> SELECT  ID , NAME, AGE, ADDRESS, SALARY 
     FROM CUSTOMERS  
     WHERE SALARY IS NULL ; 
This would produce the following result:  
+----+---------- +-----+----------- +---------- + 
| ID | NAME     | AGE | ADDRESS   | SALARY   | 
+----+---------- +-----+----------- +---------- + 
|  6 | Komal    |  22 | MP        |          | 
|  7 | Muffy    |  24 | Indore    |          | 
+----+---------- +-----+----------- +---------- + 
 
  TUTORIALS POINT  
Simply Easy Learning   
 
 SQL Alias Syntax  
You can rename a table or a column temporarily by giving another name kn own as alias. 
The use of table aliases means to rename a table in a p articular SQL statement. The renaming is a temporary 
change and the actual table name does not change in the databa se. 
The column aliases are used to rename a table's columns for  the purpose of a particular SQL query.  
Syntax:  
The basic syntax of  table alias is as follows:  
SELECT column1 , column2.... 
FROM table_name AS alias_name  
WHERE [condition ]; 
The basic syntax of  column alias is as follows:  
SELECT column_name AS alias_name  
FROM table_name  
WHERE [condition ]; 
Example:  
Consider the following two tables, (a) CUSTOMERS table is as follows:  
+----+---------- +-----+----------- +---------- + 
| ID | NAME     | AGE | ADDRESS   | SALARY   | 
+----+---------- +-----+----------- +---------- + 
|  1 | Ramesh   |  32 | Ahmedabad  |  2000.00 | 
|  2 | Khilan   |  25 | Delhi     |  1500.00 | 
|  3 | kaushik  |  23 | Kota      |  2000.00 | 
|  4 | Chaitali  |  25 | Mumbai    |  6500.00 | 
|  5 | Hardik   |  27 | Bhopal    |  8500.00 | 
|  6 | Komal    |  22 | MP        |  4500.00 | 
|  7 | Muffy    |  24 | Indore    | 10000.00  | 
+----+---------- +-----+----------- +---------- + 
(b) Another table is ORDERS as follows:  CHAPTER  
29 TUTORIALS POINT  
Simply Easy Learning   
 
 +-----+--------------------- +------------- +-------- + 
|OID  | DATE                | CUSTOMER_ID | AMOUNT | 
+-----+--------------------- +------------- +-------- + 
| 102 | 2009-10-08 00:00:00 |           3 |   3000 | 
| 100 | 2009-10-08 00:00:00 |           3 |   1500 | 
| 101 | 2009-11-20 00:00:00 |           2 |   1560 | 
| 103 | 2008-05-20 00:00:00 |           4 |   2060 | 
+-----+--------------------- +------------- +-------- + 
Now, following is the usage of  table alias : 
SQL> SELECT C .ID, C.NAME, C.AGE, O.AMOUNT  
        FROM CUSTOMERS AS C , ORDERS AS O  
        WHERE  C .ID = O.CUSTOMER_ID ; 
This would produce the following result:  
+----+---------- +-----+-------- + 
| ID | NAME     | AGE | AMOUNT | 
+----+---------- +-----+-------- + 
|  3 | kaushik  |  23 |   3000 | 
|  3 | kaushik  |  23 |   1500 | 
|  2 | Khilan   |  25 |   1560 | 
|  4 | Chaitali  |  25 |   2060 | 
+----+---------- +-----+-------- + 
Following is the usage of  column alias : 
SQL> SELECT  ID AS CUSTOMER_ID , NAME AS CUSTOMER_NAME  
     FROM CUSTOMERS  
     WHERE SALARY IS NOT NULL ; 
This would produce the following result:  
+------------- +--------------- + 
| CUSTOMER_ID | CUSTOMER_NAME | 
+------------- +--------------- + 
|           1 | Ramesh        | 
|           2 | Khilan        | 
|           3 | kaushik       | 
|           4 | Chaitali       | 
|           5 | Hardik        | 
|           6 | Komal         | 
|           7 | Muffy         | 
+------------- +--------------- + 
  
  TUTORIALS POINT  
Simply Easy Learning   
 
 SQL Indexes  
Indexes are  special lookup tables that the database search engine c an use to speed up data retrieval. Simply 
put, an index is a pointer to data in a table. An index in a database is very similar to an index in the back of a book.  
For example, if you want to reference all pages in a book tha t discuss a certain topic, you first refer to the index, 
which lists all topics alphabetically  and are then referred to one or mo re specific page numbers.  
An index helps speed up SELECT queries and WHERE clauses, but it slows down data input, with UPDATE and 
INSERT statements. Indexes can be created or dropped with no effect on th e data. 
Creating an index involves the CREATE INDEX s tatement, which allows you to name the index, to specify the  
table and which column or columns to index, and to indic ate whether the index is in ascending or descending 
order. 
Indexes can also be unique, similar to the UNIQUE constrain t, in that the index prevents duplicate entries in the 
column or combination of columns on which there's an index.  
The CREATE INDEX Command:  
The basic syntax of  CREATE INDEX  is as follows:  
CREATE INDEX index_name ON table_name ; 
Single -Column  Indexes:  
A single-column index is one that is created based on only one table column. The basi c syntax is as follows:  
CREATE INDEX index_name  
ON table_name (column_name ); 
Unique Indexes:  
Unique indexes are used not only for performance, but also for data integrity. A unique index does not allow any 
duplicate values to be inserted into the table. The basic syntax  is as follows:  
CREATE INDEX index_name  
on table_name (column_name ); CHAPTER  
30 TUTORIALS POINT  
Simply Easy Learning   
 
 Composite Indexes:  
A composite index is an index on two or more columns of a table. Th e basic syntax is as follows: 
CREATE INDEX index_name  
on table_name (column1, column2); 
Whether to create a single -column index or a composite index, take into consideratio n the column(s) that you may 
use very frequently in a query's WHERE clause as filter conditions.  
Should there be only one column used, a single -column index should be the choice. Should there be two or more 
columns that are frequently used in the WHERE clause as filters, the composite index would be the best choice.  
Implicit Indexes:  
Implicit indexes are inde xes that are automatically created by the database server whe n an object is created. 
Indexes are automatically created for primary key constraints and uni que constraints.  
The DROP INDEX Command:  
An index can be dropped using SQL  DROP command. Care should be taken when dropping an index because 
performance may be slowed or improved.  
The basic syntax is as follows:  
DROP INDEX index_name ; 
You can check  INDEX Constraint  chapter to see actual examples on Indexes. 
When should indexes be avoided?  
Although indexes are intended to enhance a database's perfo rmance, there are times when they should be 
avoided. The following guidelines indicate when the use of an index should be reconsidered:  
 Indexes should not be used on small tables.  
 Tables that have frequent, large batch update or insert operati ons. 
 Indexes should not be used on columns that contain a high num ber of NULL values.  
 Columns that are frequently manipulated should not be indexed.  
  
  TUTORIALS POINT  
Simply Easy Learning   
 
 SQL ALTER TABLE Command  
The SQL ALTER TABLE  command is used to add , delete or modify columns in an existing table.  
You would also use ALTER TABLE command to add a nd drop various constraints on  an existing table.  
Syntax:  
The basic syntax of  ALTER TABLE  to add a new column in an existing table is as follows:  
ALTER TABLE table_name ADD column_name datatype ; 
The basic syntax of ALTER TABLE to  DROP COLUMN  in an existing table is as follows:  
ALTER TABLE table_name DROP COLUMN column_name ; 
The basic syntax of ALTER TABLE to change the  DATA TYPE  of a column in a table is as follows:  
ALTER TABLE table_name MODIFY COLUMN column_name datatype ; 
The basic syntax of ALTER TABLE to add a  NOT NULL  constraint to a column in a table is as follows:  
ALTER TA BLE table_name MODIFY column_name datatype NOT NULL ; 
The basic syntax of ALTER TABLE to  ADD UNIQUE CONSTRAINT  to a table is as follows:  
ALTER TABLE table_name  
ADD CONSTRAINT MyUniqueConstraint  UNIQUE(column1, column2...); 
The basic syntax of ALTER TABLE t o ADD CHECK CONSTRAINT  to a table is as follows:  
ALTER TABLE table_name  
ADD CONSTRAINT MyUniqueConstraint  CHECK (CONDITION ); 
The basic syntax of ALTER TABLE to  ADD PRIMARY KEY  constraint to a table is as follows:  
ALTER TABLE table_name  
ADD CONSTRAINT MyPrimaryKey  PRIMARY KEY (column1, column2...); 
The basic syntax of ALTER TABLE to  DROP CONSTRAINT  from a table is as follows:  CHAPTER  
31 TUTORIALS POINT  
Simply Easy Learning   
 
 ALTER TABLE table_name  
DROP CONSTRAINT MyUniqueConstraint ; 
If you're using MySQL, the code is as follows:  
ALTER TABLE table_name  
DROP INDEX MyUniqueConstraint ; 
The basic syntax of ALTER TABLE to  DROP PRIMARY KEY  constraint from a table is as follows:  
ALTER TABLE table_name  
DROP CONSTRAINT MyPrimaryKey ; 
If you're using MySQL, the code is as follows:  
ALTER TABLE table_name  
DROP PRIMARY KEY ; 
Example:  
Consider the CUSTOMERS table having the following records:  
+----+---------- +-----+----------- +---------- + 
| ID | NAME     | AGE | ADDRESS   | SALARY   | 
+----+---------- +-----+----------- +---------- + 
|  1 | Ramesh   |  32 | Ahmedabad  |  2000.00 | 
|  2 | Khilan   |  25 | Delhi     |  1500.00 | 
|  3 | kaushik  |  23 | Kota      |  2000.00 | 
|  4 | Chaitali  |  25 | Mumbai    |  6500.00 | 
|  5 | Hardik   |  27 | Bhopal    |  8500.00 | 
|  6 | Komal    |  22 | MP        |  4500.00 | 
|  7 | Muffy    |  24 | Indore    | 10000.00  | 
+----+---------- +-----+----------- +---------- + 
Following is the example to ADD a new column in an existing tabl e: 
ALTER TABLE CUSTOMERS ADD SEX char(1); 
Now, CUSTOMERS table is changed and following would be output from SELECT sta tement: 
+----+--------- +-----+----------- +---------- +------+ 
| ID | NAME    | AGE | ADDRESS   | SALARY   | SEX  | 
+----+--------- +-----+----------- +---------- +------+ 
|  1 | Ramesh  |  32 | Ahmedabad  |  2000.00 | NULL | 
|  2 | Ramesh  |  25 | Delhi     |  1500.00 | NULL | 
|  3 | kaushik |  23 | Kota      |  2000.00 | NULL | 
|  4 | kaushik |  25 | Mumbai    |  6500.00 | NULL | 
|  5 | Hardik  |  27 | Bhopal    |  8500.00 | NULL | 
|  6 | Komal   |  22 | MP        |  4500.00 | NULL | 
|  7 | Muffy   |  24 | Indore    | 10000.00  | NULL | 
+----+--------- +-----+----------- +---------- +------+ 
Following is the example to DROP sex column from existing table:  
ALTER TABLE CUSTOMERS DROP SEX ; 
Now, CUSTOMERS table is changed and following would be output from SELECT sta tement: TUTORIALS POINT  
Simply Easy Learning   
 
 +----+--------- +-----+----------- +---------- + 
| ID | NAME    | AGE | ADDRESS   | SALARY   | 
+----+--------- +-----+----------- +---------- + 
|  1 | Ramesh  |  32 | Ahmedabad  |  2000.00 | 
|  2 | Ramesh  |  25 | Delhi     |  1500.00 | 
|  3 | kaushik |  23 | Kota      |  2000.00 | 
|  4 | kaushik |  25 | Mumbai    |  6500.00 | 
|  5 | Hardik  |  27 | Bhopal    |  8500.00 | 
|  6 | Komal   |  22 | MP        |  4500.00 | 
|  7 | Muffy   |  24 | Indore    | 10000.00  | 
+----+--------- +-----+----------- +---------- + 
 
  TUTORIALS POINT  
Simply Easy Learning   
 
 SQL TRUNCATE TABLE  
The SQL TRUNCATE TABLE  command is used to delete complete data from an existing table.  
You can also use DROP TABLE command to delete complete tabl e but it would remove complete table structure 
form the database and you would need to re -create this table once again if you wish you store some data.  
Syntax:  
The basic syntax of  TRUNCATE TABLE  is as follows:  
TRUNCATE TABLE  table_name ; 
Example:  
Consider the CUSTOMERS table having the following records:  
+----+---------- +-----+----------- +---------- + 
| ID | NAME     | AGE | ADDRESS   | SALARY   | 
+----+---------- +-----+----------- +---------- + 
|  1 | Ramesh   |  32 | Ahmedabad  |  2000.00 | 
|  2 | Khilan   |  25 | Delhi     |  1500.00 | 
|  3 | kaushik  |  23 | Kota      |  2000.00 | 
|  4 | Chaitali  |  25 | Mumbai    |  6500.00 | 
|  5 | Hardik   |  27 | Bhopal    |  8500.00 | 
|  6 | Komal    |  22 | MP        |  4500.00 | 
|  7 | Muffy    |  24 | Indore    | 10000.00  | 
+----+---------- +-----+----------- +---------- + 
Following is the example to t runcate: 
SQL > TRUNCATE TABLE CUSTOMERS ; 
Now, CUSTOMERS table is truncated and following would be the output from SELECT statement:  
SQL> SELECT * FROM CUSTOMERS ; 
Empty set (0.00 sec) 
 
  CHAPTER  
32 TUTORIALS POINT  
Simply Easy Learning   
 
 SQL - Using Views  
Aview is nothing more than a SQL statement that is stored in the data base with an associated name. A 
view is actually a composition of a table in the form of a pred efined SQL query.  
A view can contain all rows of a table or select rows from a table. A view can b e created from one or many tables 
which depends on the written SQL query to create a view.  
Views, which are kind of virtual tables, allow users to do the followin g: 
 Structure data in a way that u sers or classes of users find natural or intuitive.  
 Restrict access to the data such that a user can see and (some times) modify exactly what they need and no 
more. 
 Summarize data from various tables which can be used to generate  reports. 
Creating Views:  
Database views are created using the  CREATE VIEW  statement. Views can be created from a single table, 
multiple tables, or another view.  
To create a view, a user must have the appropriate system privileg e according to the specific implementation.  
The basic CREATE VIEW syntax is as follows:  
CREATE VIEW view_name AS  
SELECT column1 , column2..... 
FROM table_name  
WHERE [condition ]; 
You can include multiple tables in your SELECT statement i n very similar way as you use them in normal SQL 
SELECT query.  
Example:  
Consider the CUSTOMERS table having the following records:  
+----+---------- +-----+----------- +---------- + 
| ID | NAME     | AGE | ADDRESS   | SALARY   | CHAPTER  
33 TUTORIALS POINT  
Simply Easy Learning   
 
 +----+---------- +-----+----------- +---------- + 
|  1 | Ramesh   |  32 | Ahmedabad  |  2000.00 | 
|  2 | Khilan   |  25 | Delhi     |  1500.00 | 
|  3 | kaushik  |  23 | Kota      |  2000.00 | 
|  4 | Chaitali  |  25 | Mumbai    |  6500.00 | 
|  5 | Hardik   |  27 | Bhopal    |  8500.00 | 
|  6 | Komal    |  22 | MP        |  4500.00 | 
|  7 | Muffy    |  24 | Indore    | 10000.00  | 
+----+---------- +-----+----------- +---------- + 
Now, following is the example to create a view from CUSTOMERS table . This view would be used to have 
customer name and age from CUSTOMERS table:  
SQL > CREATE VIEW CUSTOMERS_VIEW AS  
SELECT name , age 
FROM  CUSTOMERS ; 
Now, you can query CUSTOMERS_VIEW in similar way as you query an actual table. Following is the example:  
SQL > SELECT * FROM CUSTOMERS_VIEW ; 
This would produce the following result:  
+---------- +-----+ 
| name     | age | 
+---------- +-----+ 
| Ramesh   |  32 | 
| Khilan   |  25 | 
| kaushik  |  23 | 
| Chaitali  |  25 | 
| Hardik   |  27 | 
| Komal    |  22 | 
| Muffy    |  24 | 
+---------- +-----+ 
The WITH CHECK OPTION:  
The WITH CHECK OPTION is a CREATE VIEW statement option. The purpose of the WITH CHECK OPTION is 
to ensure that all UPDATE and INSERTs satisfy the condition(s) in the view defi nition. 
If they do not satisfy the condition(s), the UPDATE or INSERT returns an error.  
The following is an example of creating same view CUS TOMERS_VIEW with the WITH CHECK OPTION:  
CREATE VIEW CUSTOMERS_VIEW AS  
SELECT name , age 
FROM  CUSTOMERS  
WHERE age IS NOT NULL  
WITH CHECK OPTION ; 
The WITH CHECK OPTION in this case should deny the entry of any NULL values in the view's AGE column, 
because th e view is defined by data that does not have a NULL value in the AGE co lumn. 
Updating a View:  
A view can be updated under certain conditions:  TUTORIALS POINT  
Simply Easy Learning   
 
  The SELECT clause may not contain the keyword DISTINCT.  
 The SELECT clause may not contain summary functions.  
 The SELECT clause may not contain set functions.  
 The SELECT clause may not contain set operators.  
 The SELECT clause may not contain an ORDER BY clause.  
 The FROM clause may not contain multiple tables.  
 The WHERE clause may not contain subqueries.  
 The query may not contain GROUP BY or HAVING.  
 Calculated columns may not be updated.  
 All NOT NULL columns from the base table must be included i n the view in order for the INSERT query to 
function. 
So if a view satisfies all the above mentioned rules then you can update a view. Following is an example to update 
the age of Ramesh:  
SQL > UPDATE CUSTOMERS_VIEW  
      SET AGE = 35 
      WHERE name ='Ramesh' ; 
This would ultimately update the base table CUSTOMERS and same would reflect in the view itself. Now , try to 
query base table, and SELECT statement would produce the following result:  
+----+---------- +-----+----------- +---------- + 
| ID | NAME     | AGE | ADDRESS   | SALARY   | 
+----+---------- +-----+----------- +---------- + 
|  1 | Ramesh   |  35 | Ahmedaba d |  2000.00 | 
|  2 | Khilan   |  25 | Delhi     |  1500.00 | 
|  3 | kaushik  |  23 | Kota      |  2000.00 | 
|  4 | Chaitali  |  25 | Mumbai    |  6500.00 | 
|  5 | Hardik   |  27 | Bhopal    |  8500.00 | 
|  6 | Komal    |  22 | MP        |  4500.00 | 
|  7 | Muffy    |  24 | Indore    | 10000.00  | 
+----+---------- +-----+----------- +---------- + 
Inserting Rows into a View:  
Rows of data can be inserted into a view. The same rules tha t apply to the UPDATE command also apply to the 
INSERT command.  
Here, we can not insert rows in CUSTOMERS_VIEW because we have not inc luded all the NOT NULL columns in 
this view, otherwise you can insert rows in a view in similar way a s you insert them in a table.  TUTORIALS POINT  
Simply Easy Learning   
 
 Deleting Rows into a View:  
Rows of data can be deleted from a view. The same rules that apply to the UPDATE and INSERT command s 
apply to the DELETE command.  
Following is an example to delete a record having AGE= 22.  
SQL > DELETE FROM CUSTOMERS_VIEW  
      WHERE age = 22; 
This would ultimately delete a row from the b ase table CUSTOMERS and same would reflect in the view itsel f. 
Now, try to query base table, and SELECT statement would produce the following result:  
+----+---------- +-----+----------- +---------- + 
| ID | NAME     | AGE | ADDRESS   | SALARY   | 
+----+---------- +-----+----------- +---------- + 
|  1 | Ramesh   |  35 | Ahmedabad  |  2000.00 | 
|  2 | Khilan   |  25 | Delhi     |  1500.00 | 
|  3 | kaushik  |  23 | Kota      |  2000.00 | 
|  4 | Chaitali  |  25 | Mumbai    |  6500.00 | 
|  5 | Hardik   |  27 | Bhopal    |  8500.00 | 
|  7 | Muffy    |  24 | Indore    | 10000.00  | 
+----+---------- +-----+----------- +---------- + 
Dropping Views:  
Obviously, where you have a view, you need a way to drop  the view if it is no longer needed. The syntax is very 
simple as given below:  
DROP VIEW view_name ; 
Following is an example to drop CUSTOMERS_VIEW from CUSTOMERS table:  
DROP VIEW CUSTOMERS_VIEW ; 
  
 
 
 
  "
