Extracted_Text
"TUTORIALS POINT  
Simply Easy Learning   
 
 SQL SELECT Query  
SQL SELECT Statement is used to fetch the data from a database table w hich returns data in the form of 
result table. These result tables are called result -sets. 
Syntax:  
The basic syntax of SELECT statement is as follows:  
SELECT column1 , column2, columnN FROM table_name ; 
Here, column1, column2...are the fields of a table whose values you want to fetch. If you want to fetch all the fields 
available in the field , then you can use the following syntax:  
SELECT * FROM table_name ; 
Example:  
Consider the CUSTOMERS table having the following records:  
+----+---------- +-----+----------- +---------- + 
| ID | NAME     | AGE | ADDRESS   | SALARY   | 
+----+---------- +-----+----------- +---------- + 
|  1 | Ramesh   |  32 | Ahmedabad  |  2000.00 | 
|  2 | Khilan   |  25 | Delhi     |  1500.00 | 
|  3 | kaushik  |  23 | Kota      |  2000.00 | 
|  4 | Chaitali  |  25 | Mumbai    |  6500.00 | 
|  5 | Hardik   |  27 | Bhopal    |  8500.00 | 
|  6 | Komal    |  22 | MP        |  4500.00 | 
|  7 | Muffy    |  24 | Indore    | 10000.00  | 
+----+---------- +-----+----------- +---------- + 
Following is an example , which would fetch ID, Name and Salary fields of the customers  available in 
CUSTOMERS table:  
SQL> SELECT ID , NAME, SALARY FROM CUSTOMERS ; 
This would produce the following result: 
+----+---------- +---------- + 
| ID | NAME     | SALARY   | CHAPTER  
14 TUTORIALS POINT  
Simply Easy Learning   
 
 +----+---------- +---------- + 
|  1 | Ramesh   |  2000.00 | 
|  2 | Khilan   |  1500.00 | 
|  3 | kaushik  |  2000.00 | 
|  4 | Chaitali  |  6500.00 | 
|  5 | Hardik   |  8500.00 | 
|  6 | Komal    |  4500.00 | 
|  7 | Muffy    | 10000.00  | 
+----+---------- +---------- + 
If you want to fetch all the fields of CUSTOMERS table , then use the following query:  
SQL> SELECT * FROM CUSTOMERS ; 
This would produce the following result:  
+----+---------- +-----+----------- +---------- + 
| ID | NAME     | AGE | ADDRESS   | SALARY   | 
+----+---------- +-----+----------- +---------- + 
|  1 | Ramesh   |  32 | Ahmedabad  |  2000.00 | 
|  2 | Khilan   |  25 | Delhi     |  1500.00 | 
|  3 | kaushik  |  23 | Kota      |  2000.00 | 
|  4 | Chaitali  |  25 | Mumbai    |  6500.00 | 
|  5 | Hardik   |  27 | Bhopal    |  8500.00 | 
|  6 | Komal    |  22 | MP        |  4500.00 | 
|  7 | Muffy    |  24 | Indore    | 10000.00  | 
+----+---------- +-----+----------- +---------- + 
  
  TUTORIALS POINT  
Simply Easy Learning   
 
 SQL WHERE Clause  
The SQL WHERE clause is used to specify a condition while fetching the data from single table or joining 
with multiple table s. 
If the given condition is satisfied , then only it returns specific value from the table. You wou ld use WHERE clause 
to filter the records and fetching only necessary records.  
The WHERE clause is not only used in SELECT statement, but it is also used in UPDA TE, DELETE statement , 
etc., which we would examine in subsequent chapters.  
Syntax:  
The basic syntax of SELECT statement with WHERE clause is as follows:  
SELECT column1 , column2, columnN  
FROM table_name  
WHERE [condition ] 
You can specify a condition using  comparison or logical operators  like >, <, =, LIKE, NOT etc. Below examples 
would make this concept clear. 
Example:  
Consider the CUSTOMERS table having the following records:  
+----+---------- +-----+----------- +---------- + 
| ID | NAME     | AGE | ADDRESS   | SALARY   | 
+----+---------- +-----+----------- +---------- + 
|  1 | Ramesh   |  32 | Ahmedabad  |  2000.00 | 
|  2 | Khilan   |  25 | Delhi     |  1500.00 | 
|  3 | kaushik  |  23 | Kota      |  2000.00 | 
|  4 | Chaitali  |  25 | Mumbai    |  6500.00 | 
|  5 | Hardik   |  27 | Bhopal    |  8500.00 | 
|  6 | Komal    |  22 | MP        |  4500.00 | 
|  7 | Muffy    |  24 | Indore    | 10000.00  | 
+----+---------- +-----+----------- +---------- + 
Following is an example , which would fetch ID, Name and Salary fields from the CUSTOMERS table  where salary 
is greater than 2000:  CHAPTER  
15 TUTORIALS POINT  
Simply Easy Learning   
 
 SQL> SELECT ID , NAME, SALARY  
FROM CUSTOMERS  
WHERE SALARY > 2000; 
This would produce the following result:  
+----+---------- +---------- + 
| ID | NAME     | SALARY   | 
+----+---------- +---------- + 
|  4 | Chaitali  |  6500.00 | 
|  5 | Hardik   |  8500.00 | 
|  6 | Komal    |  4500.00 | 
|  7 | Muffy    | 10000.00  | 
+----+---------- +---------- + 
Following is an example , which would fetch ID, Name and Salary fields from the CUSTOMERS tabl e for a 
customer with name  Hardik. Here, it is important to note that all the strings should be given in side single quotes ('') 
where as numeric values should be given without any quote as in a bove example:  
SQL> SELECT ID , NAME, SALARY  
FROM CUSTOMERS  
WHERE NAME = 'Hardik' ; 
This would produce the following result:  
+----+---------- +---------- + 
| ID | NAME     | SALARY   | 
+----+---------- +---------- + 
|  5 | Hardik   |  8500.00 | 
+----+---------- +---------- + 
  
  TUTORIALS POINT  
Simply Easy Learning   
 
 SQL AND and OR Operators  
The SQL AND and OR operators are used to combine multiple conditions to narrow data in an SQL 
statement. These two operators are called conjunctive operators . 
These operators provide a means to make multiple compa risons with different operators in the same SQL 
statement.  
The AND Operator:  
The AND operator allows the existence of multiple conditions in an SQ L statement's WHERE clause.  
Syntax:  
The basic syntax of AND operator with WHERE clause is as follows:  
SELECT column1 , column2, columnN  
FROM table_name  
WHERE [condition1 ] AND [condition2 ]...AND [conditionN ]; 
You can combine N number of conditions using AND operator. Fo r an action to be taken by the SQL statement, 
whether it be a transaction or query, all conditions separated by  the AND must be TRUE.  
Example:  
Consider the CUSTOMERS table having the following records:  
+----+---------- +-----+----------- +---------- + 
| ID | NAME     | AGE | ADDRESS   | SALARY   | 
+----+---------- +-----+----------- +---------- + 
|  1 | Ramesh   |  32 | Ahmedabad  |  2000.00 | 
|  2 | Khilan   |  25 | Delhi     |  1500.00 | 
|  3 | kaushik  |  23 | Kota      |  2000.00 | 
|  4 | Chaitali  |  25 | Mumbai    |  6500.00 | 
|  5 | Hardik   |  27 | Bhopal    |  8500.00 | 
|  6 | Komal    |  22 | MP        |  4500.00 | 
|  7 | Muffy    |  24 | Indore    | 10000.00  | 
+----+---------- +-----+----------- +---------- + 
Following is an example , which would fetch ID, Name and Salary fields from the CUSTOMERS table  where salary 
is greater than 2000 AND age is less tan 25 years:  CHAPTER  
16 TUTORIALS POINT  
Simply Easy Learning   
 
 SQL> SELECT ID , NAME, SALARY  
FROM CUSTOMERS  
WHERE SALARY > 2000 AND age < 25; 
This would produce the following result:  
+----+-------+---------- + 
| ID | NAME  | SALARY   | 
+----+-------+---------- + 
|  6 | Komal |  4500.00 | 
|  7 | Muffy | 10000.00  | 
+----+-------+---------- + 
The OR Operator:  
The OR operator is used to combine multiple conditions in an SQL statem ent's WHERE clause.  
Syntax:  
The basic syntax of OR operator with WHERE clause is as follows:  
SELECT column1 , column2, columnN  
FROM table_name  
WHERE [condition1 ] OR [condition2 ]...OR [conditionN ] 
You can combine N number of conditions using OR operator. For  an action to be taken by the SQL statement, 
whether it be a transaction or query, only any ONE of the conditions s eparated by the OR must be TRUE.  
Example:  
Consider the CUSTOMERS tab le having the following records:  
+----+---------- +-----+----------- +---------- + 
| ID | NAME     | AGE | ADDRESS   | SALARY   | 
+----+---------- +-----+----------- +---------- + 
|  1 | Ramesh   |  32 | Ahmedabad  |  2000.00 | 
|  2 | Khilan   |  25 | Delhi     |  1500.00 | 
|  3 | kaushik  |  23 | Kota      |  2000.00 | 
|  4 | Chaitali  |  25 | Mumbai    |  6500.00 | 
|  5 | Hardik   |  27 | Bhopal    |  8500.00 | 
|  6 | Komal    |  22 | MP        |  4500.00 | 
|  7 | Muffy    |  24 | Indore    | 10000.00  | 
+----+---------- +-----+----------- +---------- + 
Following is an example , which would fetch ID, Name and Salary fields from the CUSTOMERS table  where salary 
is greater than 2000 OR age is less tan 25 years:  
SQL> SELECT ID , NAME, SALARY  
FROM CUSTOMERS  
WHERE SALARY > 2000 OR age < 25; 
This would produce the following result:  
+----+---------- +---------- + 
| ID | NAME     | SALARY   | 
+----+---------- +---------- + 
|  3 | kaushik  |  2000.00 | 
|  4 | Chaitali  |  6500.00 | TUTORIALS POINT  
Simply Easy Learning   
 
 |  5 | Hardik   |  8500.00 | 
|  6 | Komal    |  4500.00 | 
|  7 | Muffy    | 10000.00  | 
+----+---------- +---------- + 
 
  TUTORIALS POINT  
Simply Easy Learning   
 
 SQL UPDATE Query  
The SQL UPDATE Query is used to modify the existing records in a table.  
You can use WHERE clause with UPDATE query to update selected rows, otherwise all the rows would be 
affected. 
Syntax:  
The basic syntax of UPDATE query with WHERE clause is as follows:  
UPDATE table_name  
SET column1 = value1, column2 = value2...., columnN = valueN 
WHERE [condition ]; 
You can combine N number of conditions using AND or OR operators.  
Example:  
Consider the CUSTOMERS table having the following records:  
+----+---------- +-----+----------- +---------- + 
| ID | NAME     | AGE | ADDRESS   | SALARY   | 
+----+---------- +-----+----------- +---------- + 
|  1 | Ramesh   |  32 | Ahmedabad  |  2000.00 | 
|  2 | Khilan   |  25 | Delhi     |  1500.00 | 
|  3 | kaushik  |  23 | Kota      |  2000.00 | 
|  4 | Chaitali  |  25 | Mumbai    |  6500.00 | 
|  5 | Hardik   |  27 | Bhopal    |  8500.00 | 
|  6 | Komal    |  22 | MP        |  4500.00 | 
|  7 | Muffy    |  24 | Indore    | 10000.00  | 
+----+---------- +-----+----------- +---------- + 
Following is an example , which would update ADDRESS for a customer whose ID is 6:  
SQL> UPDATE CUSTOMERS  
SET ADDRESS = 'Pune' 
WHERE ID = 6; 
Now, CUSTOMERS table would have the following records:  CHAPTER  
17 TUTORIALS POINT  
Simply Easy Learning   
 
 +----+---------- +-----+----------- +---------- + 
| ID | NAME     | AGE | ADDRESS   | SALARY   | 
+----+---------- +-----+----------- +---------- + 
|  1 | Ramesh   |  32 | Ahmedabad  |  2000.00 | 
|  2 | Khilan   |  25 | Delhi     |  1500.00 | 
|  3 | kaushik  |  23 | Kota      |  2000.00 | 
|  4 | Chaitali  |  25 | Mumbai    |  6500.00 | 
|  5 | Hardik   |  27 | Bhopal    |  8500.00 | 
|  6 | Komal    |  22 | Pune      |  4500.00 | 
|  7 | Muffy    |  24 | Indore    | 10000.00  | 
+----+---------- +-----+----------- +---------- + 
If you want to modify all ADDRESS and SALARY column values in CUSTO MERS table, you do not need to use 
WHERE clause and UPDATE query would be as follows:  
SQL> UPDATE CUSTOMERS  
SET ADDRESS = 'Pune', SALARY = 1000.00; 
Now, CUSTOMERS table would have the following records:  
+----+---------- +-----+--------- +--------- + 
| ID | NAME     | AGE | ADDRESS | SALARY  | 
+----+---------- +-----+--------- +--------- + 
|  1 | Ramesh   |  32 | Pune    | 1000.00 | 
|  2 | Khilan   |  25 | Pune    | 1000.00 | 
|  3 | kaushik  |  23 | Pune    | 1000.00 | 
|  4 | Chaitali  |  25 | Pune    | 1000.00 | 
|  5 | Hardik   |  27 | Pune    | 1000.00 | 
|  6 | Komal    |  22 | Pune    | 1000.00 | 
|  7 | Muffy    |  24 | Pune    | 1000.00 | 
+----+---------- +-----+--------- +--------- + 
  
  TUTORIALS POINT  
Simply Easy Learning   
 
 SQL DELETE Query  
The SQL DELETE Query is used to delete the existing records from a table.  
You can use WHERE clause with DELETE query to delete selected r ows, otherwise all the records would be 
deleted. 
Syntax:  
The basic syntax of DELETE query with WHERE clause is as follows:  
DELETE FROM table_name  
WHERE [condition ]; 
You can combine N number of conditions using AND or OR operators.  
Example:  
Consider the CUSTOMERS table having the following records: 
+----+---------- +-----+----------- +---------- + 
| ID | NAME     | AGE | ADDRESS   | SALARY   | 
+----+---------- +-----+----------- +---------- + 
|  1 | Ramesh   |  32 | Ahmedabad  |  2000.00 | 
|  2 | Khilan   |  25 | Delhi     |  1500.00 | 
|  3 | kaushik  |  23 | Kota      |  2000.00 | 
|  4 | Chaitali  |  25 | Mumbai    |  6500.00 | 
|  5 | Hardik   |  27 | Bhopal    |  8500.00 | 
|  6 | Komal    |  22 | MP        |  4500.00 | 
|  7 | Muffy    |  24 | Indore    | 10000.00  | 
+----+---------- +-----+----------- +---------- + 
Following is an example , which would DELETE a customer , whose ID is 6:  
SQL> DELETE FROM CUSTOMERS  
WHERE ID = 6; 
Now, CUSTOMERS table would have the following records:  
+----+---------- +-----+----------- +---------- + 
| ID | NAME     | AGE | ADDRESS   | SALARY   | CHAPTER  
18 TUTORIALS POINT  
Simply Easy Learning   
 
 +----+---------- +-----+----------- +---------- + 
|  1 | Ramesh   |  32 | Ahmedabad  |  2000.00 | 
|  2 | Khilan   |  25 | Delhi     |  1500.00 | 
|  3 | kaushik  |  23 | Kota      |  2000.00 | 
|  4 | Chaitali  |  25 | Mumbai    |  6500.00 | 
|  5 | Hardik   |  27 | Bhopal    |  8500.00 | 
|  7 | Muffy    |  24 | Indore    | 10000.00  | 
+----+---------- +-----+----------- +---------- + 
If you want to DELETE all the records from  CUSTOMERS table, you do not need to use WHERE clause and 
DELETE query would be as follows:  
SQL> DELETE FROM CUSTOMERS ; 
Now, CUSTOMERS table would not have any record.  
  
  TUTORIALS POINT  
Simply Easy Learning   
 
 SQL LIKE Clause  
The SQL LIKE clause is used to compare a value to similar  values using wildcard operators. There are two 
wildcards used in conjunction with the LIKE operator:  
 The percent sign (%)  
 The underscore (_)  
The percent sign represents zero, one, or multiple characters . The underscore represents a single number or 
character. The symbols can be used in combinations.  
Syntax:  
The basic syntax of % and _ is as follows:  
SELECT FROM table_name  
WHERE column LIKE 'XXXX%' 
 
or  
 
SELECT FROM table_name  
WHERE column LIKE '%XXXX%'  
 
or 
 
SELECT FROM table_name  
WHERE column LIKE 'XXXX_' 
 
or 
 
SELECT FROM table_name  
WHERE column LIKE '_XXXX' 
 
or 
 
SELECT FROM table_name  
WHERE column LIKE '_XXXX_'  
You can combine N number of conditions using AND or O R operators. Here , XXXX could be any num eric or string 
value. CHAPTER  
19 TUTORIALS POINT  
Simply Easy Learning   
 
 Example:  
Here are number of examples showing WHERE part having different LIKE clause with '%' an d '_' operators:  
Statement  Description  
WHERE SALARY LIKE '200%'  Finds any values that start with 200  
WHERE SALARY LIKE 
'%200%' Finds any values that have 200 in any position  
WHERE SALARY LIKE '_00%'  Finds any values that have 00 in the second and third positions  
WHERE SALARY LIKE 
'2_%_%' Finds any values that start with 2 and are at least 3 characters in length 
WHERE SALARY LIKE '%2'  Finds any values that end with 2  
WHERE SALARY LIKE '_2%3'  Finds any values that have a 2 in the second position and end with  a 3 
WHERE SALARY LIKE '2___3'  Finds any values in a five -digit number that start with 2 and end with 3  
Let us take a real example, consider the CUSTOMERS table having the following records:  
+----+---------- +-----+----------- +---------- + 
| ID | NAME     | AGE | ADDRESS   | SALARY   | 
+----+---------- +-----+----------- +---------- + 
|  1 | Ramesh   |  32 | Ahmedabad  |  2000.00 | 
|  2 | Khilan   |  25 | Delhi     |  1500.00 | 
|  3 | kaushik  |  23 | Kota      |  2000.00 | 
|  4 | Chaitali  |  25 | Mumbai    |  6500.00 | 
|  5 | Hardik   |  27 | Bhopal    |  8500.00 | 
|  6 | Komal    |  22 | MP        |  4500.00 | 
|  7 | Muffy    |  24 | Indore    | 10000.00  | 
+----+---------- +-----+----------- +---------- + 
Following is an example , which would display all the records from CUSTOMERS table whe re SALARY starts with 
200: 
SQL> SELECT * FROM CUSTOMERS  
WHERE SALARY LIKE '200%'; 
This would produce the following result:  
+----+---------- +-----+----------- +---------- + 
| ID | NAME     | AGE | ADDRESS   | SALARY   | 
+----+---------- +-----+----------- +---------- + 
|  1 | Ramesh   |  32 | Ahmedabad  |  2000.00 | 
|  3 | kaushik  |  23 | Kota      |  2000.00 | 
+----+---------- +-----+----------- +---------- + 
  
  TUTORIALS POINT  
Simply Easy Learning   
 
 SQL TOP Clause  
The SQL TOP clause is used to fetch a TOP N number or X percent records from a tabl e. 
Note: All the databases do not support TOP clause. For example My SQL supports  LIMIT clause to fetch limited 
number of records and Oracle uses  ROWNUM  to fetch limited number of records.  
Syntax:  
The basic syntax of TOP clause with SELECT statement would be as follow s: 
SELECT TOP number |percent column_name (s) 
FROM table_name  
WHERE [condition ] 
Example:  
Consider the CUSTOMERS table having the following records:  
+----+---------- +-----+----------- +---------- + 
| ID | NAME     | AGE | ADDRESS   | SALARY   | 
+----+---------- +-----+----------- +---------- + 
|  1 | Ramesh   |  32 | Ahmedabad  |  2000.00 | 
|  2 | Khilan   |  25 | Delhi     |  1500.00 | 
|  3 | kaushik  |  23 | Kota      |  2000.00 | 
|  4 | Chaitali  |  25 | Mumbai    |  6500.00 | 
|  5 | Hardik   |  27 | Bhopal    |  8500.00 | 
|  6 | Komal    |  22 | MP        |  4500.00 | 
|  7 | Muffy    |  24 | Indore    | 10000.00  | 
+----+---------- +-----+----------- +---------- + 
Following is an example on SQL server , which would fetch top 3 records from CUSTOMERS table:  
SQL> SELECT TOP 3 * FROM CUSTOMERS ; 
This would produce the following result:  
+----+--------- +-----+----------- +--------- + 
| ID | NAME    | AGE | ADDRESS   | SALARY  | 
+----+--------- +-----+----------- +--------- + 
|  1 | Ramesh  |  32 | Ahmedabad  | 2000.00 | CHAPTER  
20 TUTORIALS POINT  
Simply Easy Learning   
 
 |  2 | Khilan  |  25 | Delhi     | 1500.00 | 
|  3 | kaushik |  23 | Kota      | 2000.00 | 
+----+--------- +-----+----------- +--------- + 
If you are using MySQL server , then here is an equivalent example:  
SQL> SELECT * FROM CUSTOMERS  
LIMIT 3; 
This would produce the following result:  
+----+--------- +-----+----------- +--------- + 
| ID | NAME    | AGE | ADDRESS   | SALARY  | 
+----+--------- +-----+----------- +--------- + 
|  1 | Ramesh  |  32 | Ahmedabad  | 2000.00 | 
|  2 | Khilan  |  25 | Delhi     | 1500.00 | 
|  3 | kaushik |  23 | Kota      | 2000.00 | 
+----+--------- +-----+----------- +--------- + 
If you are using Oracle server , then here is an equivalent example:  
SQL> SELECT * FROM CUSTOMERS  
WHERE ROWNUM <= 3; 
This would produce the following result:  
+----+--------- +-----+----------- +--------- + 
| ID | NAME    | AGE | ADDRESS   | SALARY  | 
+----+--------- +-----+----------- +--------- + 
|  1 | Ramesh  |  32 | Ahmedabad  | 2000.00 | 
|  2 | Khilan  |  25 | Delhi     | 1500.00 | 
|  3 | kaushik |  23 | Kota      | 2000.00 | 
+----+--------- +-----+----------- +--------- + 
  
  TUTORIALS POINT  
Simply Easy Learning   
 
 SQL ORDER BY Clause  
The SQL ORDER BY  clause is used to sort the data in ascending or descen ding order, based on one or 
more columns. Some database sorts query results in ascending or der by default. 
Syntax:  
The basic syntax of ORDER BY clause is as follows:  
SELECT column -list  
FROM table_name  
[WHERE condition ]  
[ORDER BY column1 , column2, .. columnN] [ASC | DESC]; 
You can use more than one column in the ORDER BY clause. M ake sure whatever column you are using to sort, 
that column should be in column -list. 
Example:  
Consider the CUSTOMERS table having the following records:  
+----+---------- +-----+----------- +---------- + 
| ID | NAME     | AGE | ADDRESS   | SALARY   | 
+----+---------- +-----+----------- +---------- + 
|  1 | Ramesh   |  32 | Ahmedabad  |  2000.00 | 
|  2 | Khilan   |  25 | Delhi     |  1500.00 | 
|  3 | kaushik  |  23 | Kota      |  2000.00 | 
|  4 | Chaitali  |  25 | Mumbai    |  6500.00 | 
|  5 | Hardik   |  27 | Bhopal    |  8500.00 | 
|  6 | Komal    |  22 | MP        |  4500.00 | 
|  7 | Muffy    |  24 | Indore    | 10000.00  | 
+----+---------- +-----+----------- +---------- + 
Following is an example , which would sort the result in ascending order by NAME and SALARY:  
SQL> SELECT * FROM CUSTOMERS  
     ORDER BY NAME , SALARY; 
This would produce the following result:  
+----+---------- +-----+----------- +---------- + CHAPTER  
21 TUTORIALS POINT  
Simply Easy Learning   
 
 | ID | NAME     | AGE | ADDRESS   | SALARY   | 
+----+---------- +-----+----------- +---------- + 
|  4 | Chaitali  |  25 | Mumbai    |  6500.00 | 
|  5 | Hardik   |  27 | Bhopal    |  8500.00 | 
|  3 | kaushik  |  23 | Kota      |  2000.00 | 
|  2 | Khilan   |  25 | Delhi     |  1500.00 | 
|  6 | Komal    |  22 | MP        |  4500.00 | 
|  7 | Muffy    |  24 | Indore    | 10000.00  | 
|  1 | Ramesh   |  32 | Ahmedabad  |  2000.00 | 
+----+---------- +-----+----------- +---------- + 
Following is an example , which would sort the result in descending order by NAME:  
SQL> SELECT * FROM CUSTOMERS  
     ORDER BY NAME DESC ; 
This would produce the following result:  
+----+---------- +-----+----------- +---------- + 
| ID | NAME     | AGE | ADDRESS   | SALARY   | 
+----+---------- +-----+----------- +---------- + 
|  1 | Ramesh   |  32 | Ahmedabad  |  2000.00 | 
|  7 | Muffy    |  24 | Indore    | 10000.00  | 
|  6 | Komal    |  22 | MP        |  4500.00 | 
|  2 | Khilan   |  25 | Delhi     |  1500.00 | 
|  3 | kaushik  |  23 | Kota      |  2000.00 | 
|  5 | Hardik   |  27 | Bhopal    |  8500.00 | 
|  4 | Chaitali  |  25 | Mumbai    |  6500.00 | 
+----+---------- +-----+----------- +---------- + 
 TUTORIALS POINT  
Simply Easy Learning   
 
 SQL Group By  
The SQL GROUP BY  clause is used in collaboration with the SELECT  statement to arrange identical data 
into groups.  
The GROUP BY clause follows the WHERE clause in a SELECT statement and prec edes the ORDER BY clause.  
Syntax:  
The basic syntax of GROUP BY clause is given below. The GRO UP BY clause must follow the condition s in the 
WHERE clause and must precede the ORDER BY clause if one is used.  
SELECT column1 , column2 
FROM table_name  
WHERE [ conditions ] 
GROUP BY column1 , column2 
ORDER BY column1 , column2 
Example:  
Consider the CUSTOMERS table having the following records: 
+----+---------- +-----+----------- +---------- + 
| ID | NAME     | AGE | ADDRESS   | SALARY   | 
+----+---------- +-----+----------- +---------- + 
|  1 | Ramesh   |  32 | Ahmedabad  |  2000.00 | 
|  2 | Khilan   |  25 | Delhi     |  1500.00 | 
|  3 | kaushik  |  23 | Kota      |  2000.00 | 
|  4 | Chaitali  |  25 | Mumbai    |  6500.00 | 
|  5 | Hardik   |  27 | Bhopal    |  8500.00 | 
|  6 | Komal    |  22 | MP        |  4500.00 | 
|  7 | Muffy    |  24 | Indore    | 10000.00  | 
+----+---------- +-----+----------- +---------- +   
If you want to know the total amount of salary on each customer, the n GROUP BY query would be as follows:  
SQL> SELECT NAME , SUM(SALARY) FROM CUSTOMERS  
     GROUP BY NAME ; 
This would produce the following result: CHAPTER  
22 TUTORIALS POINT  
Simply Easy Learning   
 
 +---------- +------------- + 
| NAME     | SUM(SALARY) | 
+---------- +------------- + 
| Chaitali  |     6500.00 | 
| Hardik   |     8500.00 | 
| kaushik  |     2000.00 | 
| Khilan   |     1500.00 | 
| Komal    |     4500.00 | 
| Muffy    |    10000.00  | 
| Ramesh   |     2000.00 | 
+---------- +------------- + 
Now, let us have following table where CUSTOMERS table has the following records with duplicate names:  
+----+---------- +-----+----------- +---------- + 
| ID | NAME     | AGE | ADDRESS   | SALARY   | 
+----+---------- +-----+----------- +---------- + 
|  1 | Ramesh   |  32 | Ahmedabad  |  2000.00 | 
|  2 | Ramesh   |  25 | Delhi     |  1500.00 | 
|  3 | kaushik  |  23 | Kota      |  2000.00 | 
|  4 | kaushik  |  25 | Mumbai    |  6500.00 | 
|  5 | Hardik   |  27 | Bhopal    |  8500.00 | 
|  6 | Komal    |  22 | MP        |  4500.00 | 
|  7 | Muffy    |  24 | Indore    | 10000.00  | 
+----+---------- +-----+----------- +---------- + 
Now again, if you want to know the total amount of salary on ea ch customer, then GROUP BY  query would be as 
follows: 
SQL> SELECT NAME , SUM(SALARY) FROM CUSTOMERS  
     GROUP BY NAME ; 
This would produce the following result:  
+--------- +------------- + 
| NAME    | SUM(SALARY) | 
+--------- +------------- + 
| Hardik  |     8500.00 | 
| kaushik |     8500.00 | 
| Komal   |     4500.00 | 
| Muffy   |    10000.00  | 
| Ramesh  |     3500.00 | 
+--------- +------------- + 
 
  TUTORIALS POINT  
Simply Easy Learning   
 
 SQL Distinct Keyword  
The SQL DISTINCT  keyword is used in conjunction with SELECT statement to elimin ate all the duplicate 
records and fetching only unique records.  
There may be a situation when you have multiple duplica te records in a table. While fetching such records, it 
makes more sense to fetch only unique records instead of fetching  duplicate records.  
Syntax:  
The basic syntax of DISTINCT keyword to eliminate duplicate records is as follo ws: 
SELECT DISTINCT column1 , column2,.....columnN  
FROM table_name  
WHERE [condition ] 
Example:  
Consider the CUSTOMERS table having the following records:  
+----+---------- +-----+----------- +---------- + 
| ID | NAME     | AGE | ADDRESS   | SALARY   | 
+----+---------- +-----+----------- +---------- + 
|  1 | Ramesh   |  32 | Ahmedabad  |  2000.00 | 
|  2 | Khilan   |  25 | Delhi     |  1500.00 | 
|  3 | kaushik  |  23 | Kota      |  2000.00 | 
|  4 | Chaitali  |  25 | Mumbai    |  6500.00 | 
|  5 | Hardik   |  27 | Bhopal    |  8500.00 | 
|  6 | Komal    |  22 | MP        |  4500.00 | 
|  7 | Muffy    |  24 | Indore    | 10000.00  | 
+----+---------- +-----+----------- +---------- + 
First, let us see how the following SELECT query returns duplicate salary re cords: 
SQL> SELECT SALARY FROM CUSTOMERS  
     ORDER BY SALARY ; 
This would produce the following result where salary 2000 is coming tw ice which is a duplicate record from the 
original table.  CHAPTER  
23 TUTORIALS POINT  
Simply Easy Learning   
 
 +---------- + 
| SALARY   | 
+---------- + 
|  1500.00 | 
|  2000.00 | 
|  2000.00 | 
|  4500.00 | 
|  6500.00 | 
|  8500.00 | 
| 10000.00  | 
+---------- + 
Now, let us use DISTINCT keyword with the above SELECT query and see the result:  
SQL> SELECT DISTINCT SALARY FROM CUSTOMERS  
     ORDER BY SALARY ; 
This would produce the following result where we do not have any duplicate entry:  
+---------- + 
| SALARY   | 
+----------+ 
|  1500.00 | 
|  2000.00 | 
|  4500.00 | 
|  6500.00 | 
|  8500.00 | 
| 10000.00  | 
+---------- + 
 
  "
